SchYear,DistNumb,DistType,DistName,SchNum,SchCls,SchName,CountyNumber,CountyName,EcoDevRgn,AdminALL,Superintendent,AsstSuper,Principals,AsstPrinc,Director,OtherAdmin,Coord/Supv,SpEdProgCoord,VocFacil/Eval,OtherNonInstruct,Counselors,Media/Librarian,SchNurse,Psychologist,SocWorker,SpeechLangPath,TchrALL,PreK/ECFE,Kindgtn,GenElemEd,SpEdTchr,VocEdTchr,AllOtherTchr
00-01,0001,01,AITKIN,0 ,0,District Totals: ,01,AITKIN,03,4.00,1.00,0.00,2.00,1.00,0.00,0.00,0.00,0.00,0.00,0.00,3.00,1.01,1.00,0.00,1.00,2.00,85.90,1.66,3.00,27.37,9.13,4.98,39.76
00-01,0001,03,MINNEAPOLIS,0 ,0,District Totals: ,27,HENNEPIN,11,165.00,1.00,1.00,86.00,69.00,0.00,8.00,0.00,0.00,0.00,0.00,45.13,81.92,42.55,51.36,149.48,88.84,"3,620.66",93.21,150.09,"1,095.31",532.09,43.68,"1,706.28"
00-01,0002,01,HILL CITY,0 ,0,District Totals: ,01,AITKIN,03,3.03,1.00,0.00,1.00,0.00,1.03,0.00,0.00,0.00,0.00,0.00,0.00,0.50,0.00,0.20,1.00,1.00,29.52,0.50,1.00,10.28,3.33,0.38,14.03
00-01,0004,01,MCGREGOR,0 ,0,District Totals: ,01,AITKIN,03,2.97,1.00,0.00,1.97,0.00,0.00,0.00,0.00,0.00,0.00,0.00,1.00,0.00,0.00,0.00,0.00,0.50,39.25,0.00,3.00,12.00,5.32,0.46,18.47
00-01,0006,03,SOUTH ST. PAUL,0 ,0,District Totals: ,19,DAKOTA,11,9.80,1.00,0.00,3.00,3.80,1.00,1.00,0.00,0.00,0.00,0.00,0.00,3.00,4.00,2.00,0.00,6.60,214.33,9.13,7.77,64.00,22.80,0.33,110.30
00-01,0011,01,ANOKA-HENNEPIN,0 ,0,District Totals: ,02,ANOKA,11,111.50,1.00,4.00,41.00,52.00,9.00,4.50,0.00,0.00,2.00,0.00,31.40,29.57,13.00,29.21,24.80,76.36,"2,366.49",41.96,77.90,751.56,347.40,70.43,"1,077.24"
00-01,0012,01,CENTENNIAL,0 ,0,District Totals: ,02,ANOKA,11,18.00,1.00,2.00,6.00,4.00,2.00,3.00,1.00,0.00,0.00,0.00,10.00,5.73,1.00,4.00,0.00,11.50,399.28,0.00,14.27,141.20,56.20,1.98,185.63
00-01,0013,01,COLUMBIA HEIGHTS,0 ,0,District Totals: ,02,ANOKA,11,10.00,1.00,0.00,4.00,2.00,2.00,1.00,5.00,0.00,0.00,0.00,4.00,6.00,0.60,1.00,4.00,0.00,189.68,5.10,11.50,52.83,21.51,3.55,95.19
00-01,0014,01,FRIDLEY,0 ,0,District Totals: ,02,ANOKA,11,8.00,1.00,0.00,4.00,2.00,1.00,0.00,0.00,0.00,0.00,0.00,4.33,4.00,1.50,2.00,2.00,3.01,146.19,0.00,4.00,44.20,19.69,1.00,77.30
00-01,0015,01,ST. FRANCIS,0 ,0,District Totals: ,02,ANOKA,11,13.91,1.00,0.00,5.97,3.94,2.00,1.00,1.00,0.00,0.00,0.00,3.97,3.97,3.83,2.00,5.97,7.00,329.94,4.66,10.00,106.49,61.88,3.13,143.78
00-01,0016,01,SPRING LAKE PARK,0 ,0,District Totals: ,02,ANOKA,11,12.00,1.00,1.00,6.00,2.00,2.00,0.00,0.00,0.00,0.00,0.00,9.00,8.00,1.00,3.00,0.00,6.00,269.93,5.84,9.00,87.17,25.80,2.80,139.32
00-01,0022,01,DETROIT LAKES,0 ,0,District Totals: ,03,BECKER,04,8.80,1.00,0.00,4.20,2.00,1.60,0.00,1.00,0.00,0.00,0.00,5.50,2.99,1.00,1.99,2.00,5.59,205.45,5.39,8.00,52.83,34.71,2.00,102.52
00-01,0023,01,FRAZEE,0 ,0,District Totals: ,03,BECKER,04,5.10,1.00,0.00,2.00,1.00,1.10,0.00,0.00,0.00,0.00,0.00,1.66,2.00,0.00,1.00,0.00,2.60,83.19,2.34,3.00,25.00,14.97,1.53,36.35
00-01,0025,01,PINE POINT,0 ,0,District Totals: ,03,BECKER,04,1.00,0.00,0.00,1.00,0.00,0.00,0.00,0.00,0.00,0.00,0.00,0.00,0.00,0.00,0.00,0.00,0.00,9.00,0.00,0.00,4.00,2.00,0.00,3.00
00-01,0031,01,BEMIDJI,0 ,0,District Totals: ,04,BELTRAMI,02,18.00,1.00,2.00,10.00,4.00,1.00,0.00,0.00,0.00,0.00,0.00,6.00,7.00,1.00,3.00,6.00,9.67,377.27,8.75,9.50,97.50,83.61,3.97,173.94
00-01,0032,01,BLACKDUCK,0 ,0,District Totals: ,04,BELTRAMI,02,3.50,1.00,0.00,2.00,0.00,0.50,0.00,0.00,0.00,0.00,0.00,1.00,1.00,1.00,0.00,0.00,1.00,57.80,0.93,2.00,18.00,8.00,1.34,27.53
00-01,0036,01,KELLIHER,0 ,0,District Totals: ,04,BELTRAMI,02,2.00,0.50,0.00,1.50,0.00,0.00,0.00,0.00,0.00,0.00,0.00,0.00,0.10,0.00,0.00,0.00,0.03,25.77,1.00,1.00,6.00,2.85,1.07,13.85
00-01,0038,01,RED LAKE,0 ,0,District Totals: ,04,BELTRAMI,02,9.83,1.83,0.00,4.00,2.00,2.00,0.00,0.00,0.00,0.00,0.00,2.00,1.00,0.00,1.00,0.00,2.83,137.39,1.00,7.00,53.00,19.00,0.00,57.39
00-01,0047,01,SAUK RAPIDS,0 ,0,District Totals: ,05,BENTON,07W,9.00,1.00,0.00,4.00,3.00,1.00,0.00,1.00,0.00,0.00,0.00,5.00,5.00,1.00,0.00,2.00,6.77,214.14,4.18,6.50,61.58,28.80,4.16,108.92
00-01,0051,01,FOLEY,0 ,0,District Totals: ,05,BENTON,07W,5.00,1.00,0.00,3.00,0.00,1.00,0.00,0.00,0.00,0.00,0.00,2.00,3.00,1.00,0.00,1.00,4.00,104.85,0.63,3.33,33.00,16.67,1.00,50.22
00-01,0062,01,ORTONVILLE,0 ,0,District Totals: ,06,BIG STONE,06W,3.00,1.00,0.00,2.00,0.00,0.00,0.00,0.00,0.00,0.00,0.00,1.00,1.00,0.20,0.00,0.00,1.00,47.86,0.00,1.60,12.00,7.03,2.57,24.66
00-01,0075,01,ST. CLAIR,0 ,0,District Totals: ,07,BLUE EARTH,09,3.00,1.00,0.00,2.00,0.00,0.00,0.00,0.00,0.00,0.00,0.00,1.00,1.00,0.00,0.00,0.00,1.47,44.10,0.00,2.00,14.50,5.16,0.00,22.44
00-01,0077,01,MANKATO,0 ,0,District Totals: ,07,BLUE EARTH,09,18.00,2.00,0.00,12.00,2.00,1.00,1.00,1.00,0.00,0.00,0.00,15.00,11.79,2.50,5.00,0.50,9.50,433.73,1.00,15.00,142.98,59.49,6.60,208.66
00-01,0081,01,COMFREY,0 ,0,District Totals: ,08,BROWN,09,1.02,0.33,0.00,0.33,0.00,0.36,0.00,0.00,0.00,0.00,0.00,0.00,0.66,0.00,0.00,0.00,0.07,17.33,0.00,0.60,4.84,1.04,0.20,10.65
00-01,0084,01,SLEEPY EYE,0 ,0,District Totals: ,08,BROWN,09,3.60,0.83,0.00,2.00,0.00,0.77,0.00,0.00,0.00,0.00,0.00,2.00,1.00,0.00,0.00,0.70,1.40,44.49,0.84,1.20,13.50,5.39,0.66,22.90
00-01,0085,01,SPRINGFIELD,0 ,0,District Totals: ,08,BROWN,09,2.83,1.00,0.00,1.83,0.00,0.00,0.00,0.17,0.00,0.00,0.00,1.00,1.00,0.00,0.00,0.00,0.90,45.52,0.10,1.60,13.00,5.12,2.45,23.25
00-01,0088,01,NEW ULM,0 ,0,District Totals: ,08,BROWN,09,6.00,1.00,0.00,4.00,1.00,0.00,0.00,0.00,0.00,0.00,0.00,5.00,3.00,1.00,0.00,1.00,4.00,166.01,1.00,7.00,44.00,21.47,4.53,88.01
00-01,0091,01,BARNUM,0 ,0,District Totals: ,09,CARLTON,03,3.67,1.00,0.00,2.00,0.00,0.67,0.00,0.00,0.00,0.00,0.00,1.00,2.69,0.67,0.00,1.00,1.00,42.19,0.00,2.00,14.00,4.00,0.33,21.86
00-01,0093,01,CARLTON,0 ,0,District Totals: ,09,CARLTON,03,3.00,1.00,0.00,2.00,0.00,0.00,0.00,0.00,0.00,0.00,0.00,1.00,1.53,1.00,0.50,0.00,1.00,55.54,1.33,2.00,19.00,5.25,1.00,26.96
00-01,0094,01,CLOQUET,0 ,0,District Totals: ,09,CARLTON,03,8.77,1.00,0.00,4.00,1.27,1.00,1.50,0.77,0.00,0.00,0.00,5.30,3.27,1.00,1.00,2.00,3.93,149.35,1.09,5.50,46.89,20.28,4.20,71.39
00-01,0095,01,CROMWELL,0 ,0,District Totals: ,09,CARLTON,03,2.03,1.00,0.00,1.00,0.00,0.03,0.00,0.00,0.00,0.00,0.00,0.20,1.00,0.00,0.00,0.00,1.00,24.12,0.64,2.00,7.00,2.41,0.94,11.13
00-01,0097,01,MOOSE LAKE,0 ,0,District Totals: ,09,CARLTON,03,3.67,1.00,0.00,2.00,0.00,0.67,0.00,0.00,0.00,0.00,0.00,2.00,1.00,0.00,1.00,0.00,1.00,48.95,0.60,3.00,16.50,6.16,0.00,22.69
00-01,0099,01,ESKO,0 ,0,District Totals: ,09,CARLTON,03,3.00,1.00,0.00,2.00,0.00,0.00,0.00,0.00,0.00,0.00,0.00,0.83,3.04,0.00,1.00,0.00,2.01,58.96,1.78,2.50,21.02,7.29,0.64,25.73
00-01,0100,01,WRENSHALL,0 ,0,District Totals: ,09,CARLTON,03,2.50,1.00,0.00,1.00,0.00,0.00,0.50,0.00,0.00,0.00,0.00,1.00,0.67,0.67,0.33,0.00,0.67,27.41,0.00,0.50,7.80,3.37,0.51,15.23
00-01,0108,01,NORWOOD,0 ,0,District Totals: ,10,CARVER,11,5.00,1.00,0.00,3.00,0.00,1.00,0.00,0.00,0.00,0.00,0.00,1.00,2.00,1.00,0.00,2.00,3.00,79.00,2.50,4.00,20.00,13.00,2.00,37.50
00-01,0110,01,WACONIA,0 ,0,District Totals: ,10,CARVER,11,5.00,1.00,0.00,3.00,0.00,1.00,0.00,1.00,0.00,0.00,0.00,3.00,2.00,1.00,0.00,0.00,1.00,128.01,3.17,4.00,43.02,16.00,0.00,61.82
00-01,0111,01,WATERTOWN-MAYER,0 ,0,District Totals: ,10,CARVER,11,5.67,1.00,0.00,3.00,0.67,1.00,0.00,0.00,0.00,0.00,0.00,1.00,1.00,1.00,0.00,1.00,2.83,79.68,0.90,2.30,24.80,8.66,2.33,40.69
00-01,0112,01,CHASKA,0 ,0,District Totals: ,10,CARVER,11,16.73,1.00,1.00,8.73,4.00,2.00,0.00,1.00,0.00,0.00,0.00,12.00,8.13,1.00,0.80,4.00,12.62,416.14,2.00,16.00,141.35,45.74,3.00,208.05
00-01,0113,01,WALKER-HACKENSACK-AKELEY,0 ,0,District Totals: ,11,CASS,05,3.50,1.00,0.00,2.00,0.00,0.50,0.00,0.00,0.00,0.00,0.00,1.00,2.00,1.00,0.00,0.00,2.00,75.96,1.47,2.00,23.96,13.35,1.07,34.11
00-01,0115,01,CASS LAKE,0 ,0,District Totals: ,11,CASS,05,5.00,1.00,0.00,2.00,0.00,1.00,1.00,0.00,0.00,0.00,0.00,2.00,1.67,0.00,0.00,1.00,1.00,94.49,2.67,5.00,30.65,10.20,0.83,45.14
00-01,0116,01,PILLAGER,0 ,0,District Totals: ,11,CASS,05,2.33,1.00,0.00,1.00,0.00,0.00,0.33,0.00,0.00,0.00,0.00,0.00,1.00,0.00,0.00,0.00,1.00,48.80,0.00,2.00,18.00,7.17,0.00,21.63
00-01,0118,01,NORTHLAND COMMUNITY SCHOOLS,0 ,0,District Totals: ,11,CASS,05,4.50,0.50,0.00,2.50,0.00,0.50,1.00,0.00,0.00,0.00,0.00,1.17,0.00,0.00,0.00,2.00,1.83,50.53,1.13,2.00,15.47,9.44,0.67,21.82
00-01,0129,01,MONTEVIDEO,0 ,0,District Totals: ,12,CHIPPEWA,06W,6.00,1.00,0.00,3.00,0.00,1.00,1.00,0.00,0.00,0.00,0.00,1.00,2.00,0.66,1.00,3.00,2.00,108.14,2.66,5.60,30.00,16.20,2.91,50.77
00-01,0138,01,NORTH BRANCH,0 ,0,District Totals: ,13,CHISAGO,07E,11.00,1.00,1.00,4.00,3.00,2.00,0.00,0.00,0.00,0.00,0.00,3.00,3.17,0.00,3.50,0.00,4.60,196.45,2.00,8.00,67.73,27.12,3.07,88.53
00-01,0139,01,RUSH CITY,0 ,0,District Totals: ,13,CHISAGO,07E,3.27,1.00,0.00,2.00,0.00,0.27,0.00,0.00,0.00,0.00,0.00,1.00,2.00,0.00,0.90,0.00,1.10,54.81,1.17,2.00,20.00,4.65,0.17,26.82
00-01,0146,01,BARNESVILLE,0 ,0,District Totals: ,14,CLAY,04,3.00,0.67,0.00,2.00,0.00,0.33,0.00,0.00,0.00,0.00,0.00,1.00,0.66,0.00,0.00,0.00,1.00,51.43,0.00,1.33,17.50,7.00,1.35,24.25
00-01,0150,01,HAWLEY,0 ,0,District Totals: ,14,CLAY,04,3.17,1.00,0.00,2.00,0.00,0.17,0.00,0.00,0.00,0.00,0.00,2.00,2.00,0.00,0.00,0.00,1.00,61.24,0.00,1.83,19.66,6.60,0.68,32.47
00-01,0152,01,MOORHEAD,0 ,0,District Totals: ,14,CLAY,04,16.00,1.00,1.00,7.00,4.00,2.00,1.00,2.00,0.00,0.00,0.00,10.00,7.00,2.00,4.01,4.00,12.90,361.69,0.00,10.00,100.40,92.79,6.63,151.87
00-01,0160,70,MINNESOTA STATE ACADEMIES,0 ,0,District Totals: ,66,RICE,10,6.00,2.00,0.00,3.00,0.00,0.00,1.00,0.00,0.00,0.00,0.00,1.00,1.00,0.00,0.00,0.00,2.50,37.10,0.00,0.00,0.00,35.60,0.00,1.50
00-01,0162,01,BAGLEY,0 ,0,District Totals: ,15,CLEARWATER,02,5.17,1.00,0.00,2.00,1.00,1.00,0.17,0.00,0.00,0.00,0.00,2.00,1.00,0.00,0.00,0.00,1.00,75.60,1.16,2.00,24.00,5.50,2.01,40.93
00-01,0166,01,COOK COUNTY,0 ,0,District Totals: ,16,COOK,03,3.50,1.00,0.00,2.00,0.00,0.50,0.00,0.00,0.00,0.00,0.00,0.50,0.00,0.60,0.00,1.00,1.00,47.37,0.00,2.50,15.16,4.67,0.00,25.04
00-01,0173,01,MOUNTAIN LAKE,0 ,0,District Totals: ,17,COTTONWOOD,08,2.17,0.67,0.00,0.33,0.00,0.00,1.17,0.00,0.00,0.00,0.00,0.00,1.00,0.50,0.00,0.00,1.00,41.36,0.33,2.00,12.00,5.50,0.68,20.85
00-01,0175,01,WESTBROOK,0 ,0,District Totals: ,17,COTTONWOOD,08,1.50,0.50,0.00,1.00,0.00,0.00,0.00,0.00,0.00,0.00,0.00,0.67,0.50,0.00,0.00,0.00,0.33,19.63,0.00,0.60,5.00,1.02,0.34,12.67
00-01,0177,01,WINDOM,0 ,0,District Totals: ,17,COTTONWOOD,08,4.80,1.00,0.00,3.00,0.00,0.80,0.00,0.00,0.00,0.00,0.00,3.01,1.84,1.00,1.00,0.00,1.83,84.38,1.47,2.00,24.00,14.99,2.11,39.81
00-01,0181,01,BRAINERD,0 ,0,District Totals: ,18,CROW WING,05,21.50,1.00,1.00,11.50,4.00,4.00,0.00,0.00,0.00,0.00,0.00,7.00,11.00,2.17,3.50,1.00,13.00,447.64,6.89,12.00,135.02,83.49,16.73,193.51
00-01,0182,01,CROSBY-IRONTON,0 ,0,District Totals: ,18,CROW WING,05,4.00,1.00,0.00,2.00,0.00,1.00,0.00,0.00,0.00,0.00,0.00,2.00,2.00,1.00,0.00,1.00,1.00,101.64,2.63,2.50,31.00,13.09,3.71,48.71
00-01,0186,01,PEQUOT LAKES,0 ,0,District Totals: ,18,CROW WING,05,6.00,1.00,0.00,3.00,1.00,1.00,0.00,0.00,0.00,0.00,0.00,1.00,0.67,1.00,0.00,1.00,1.00,81.56,1.16,2.50,25.00,11.24,0.93,40.73
00-01,0191,01,BURNSVILLE,0 ,0,District Totals: ,19,DAKOTA,11,23.49,1.00,1.00,14.00,4.49,2.00,1.00,1.00,0.00,0.00,0.00,9.16,11.10,11.59,9.10,2.00,24.21,682.66,4.17,21.34,223.00,113.65,4.60,315.90
00-01,0192,01,FARMINGTON,0 ,0,District Totals: ,19,DAKOTA,11,13.00,1.00,0.00,7.00,3.00,2.00,0.00,1.00,0.00,0.00,0.00,5.00,5.00,2.00,3.00,1.00,5.49,275.04,2.50,9.50,93.00,47.74,1.54,120.76
00-01,0194,01,LAKEVILLE,0 ,0,District Totals: ,19,DAKOTA,11,25.50,0.00,0.00,13.00,11.00,1.00,0.50,1.00,0.00,0.00,0.00,8.00,9.00,3.05,8.64,0.00,20.77,526.71,8.22,16.50,191.00,74.00,2.60,234.39
00-01,0195,01,RANDOLPH,0 ,0,District Totals: ,19,DAKOTA,11,3.00,1.00,0.00,2.00,0.00,0.00,0.00,0.00,0.00,0.00,0.00,0.00,1.00,0.00,0.00,0.00,0.50,31.41,0.00,1.00,9.00,2.99,0.93,17.49
00-01,0196,01,ROSEMOUNT-APPLE VALLEY-EAGAN,0 ,0,District Totals: ,19,DAKOTA,11,51.80,1.00,0.00,30.00,15.00,5.80,0.00,4.13,0.00,0.00,0.00,28.73,28.19,29.45,26.02,5.10,59.72,"1,737.25",31.81,54.87,538.47,235.52,31.07,845.51
00-01,0197,01,WEST ST. PAUL-MENDOTA HTS.-EAGAN,0 ,0,District Totals: ,19,DAKOTA,11,16.00,1.00,0.00,9.00,4.00,2.00,0.00,0.00,0.00,0.00,0.00,9.50,8.17,7.67,4.00,0.00,10.50,298.47,7.50,13.50,92.03,51.54,1.35,132.55
00-01,0199,01,INVER GROVE,0 ,0,District Totals: ,19,DAKOTA,11,12.00,0.00,1.00,6.00,3.00,2.00,0.00,0.00,0.00,0.00,0.00,4.00,6.00,3.00,2.80,0.00,10.00,212.77,1.00,6.50,63.25,37.71,0.60,103.71
00-01,0200,01,HASTINGS,0 ,0,District Totals: ,19,DAKOTA,11,16.00,1.00,0.00,8.00,5.00,2.00,0.00,1.00,0.00,0.00,0.00,7.00,6.00,1.00,2.60,2.50,9.90,284.39,4.27,8.00,85.00,38.31,1.66,147.15
00-01,0203,01,HAYFIELD,0 ,0,District Totals: ,20,DODGE,10,3.00,1.00,0.00,1.00,0.00,1.00,0.00,0.00,0.00,0.00,0.00,2.00,2.00,0.00,0.00,1.00,0.00,60.98,0.50,1.50,21.00,8.16,1.37,28.45
00-01,0204,01,KASSON-MANTORVILLE,0 ,0,District Totals: ,20,DODGE,10,3.99,1.00,0.00,2.99,0.00,0.00,0.00,1.00,0.00,0.00,0.00,4.00,2.00,1.00,0.00,1.00,3.50,111.12,1.00,6.00,35.85,10.82,0.99,56.46
00-01,0206,01,ALEXANDRIA,0 ,0,District Totals: ,21,DOUGLAS,04,10.99,1.00,1.00,5.99,2.00,1.00,0.00,0.00,0.00,0.00,0.00,4.00,5.80,1.00,2.00,3.20,5.80,260.11,1.50,7.50,81.27,36.50,5.80,127.54
00-01,0207,01,BRANDON,0 ,0,District Totals: ,21,DOUGLAS,04,2.00,0.50,0.00,1.50,0.00,0.00,0.00,0.00,0.00,0.00,0.00,0.20,0.33,0.00,0.00,0.00,0.00,22.20,0.00,1.00,7.00,1.94,0.00,12.26
00-01,0208,01,EVANSVILLE,0 ,0,District Totals: ,21,DOUGLAS,04,1.93,0.93,0.00,1.00,0.00,0.00,0.00,0.00,0.00,0.00,0.00,0.07,0.00,0.00,0.00,0.00,0.00,19.95,0.00,0.60,6.00,1.01,0.83,11.51
00-01,0213,01,OSAKIS,0 ,0,District Totals: ,21,DOUGLAS,04,3.00,1.00,0.00,2.00,0.00,0.00,0.00,0.17,0.00,0.00,0.00,1.00,0.40,0.17,0.33,0.00,0.83,40.71,0.48,1.00,12.50,3.47,0.40,22.86
00-01,0227,01,CHATFIELD,0 ,0,District Totals: ,55,OLMSTED,10,3.90,1.00,0.00,2.00,0.00,0.90,0.00,0.00,0.00,0.00,0.00,2.00,1.50,0.00,0.00,0.00,1.80,65.55,0.60,2.00,21.26,8.12,2.69,30.88
00-01,0229,01,LANESBORO,0 ,0,District Totals: ,23,FILLMORE,10,1.51,0.67,0.00,0.84,0.00,0.00,0.00,0.00,0.00,0.00,0.00,0.20,0.50,0.00,0.00,0.00,0.40,29.07,0.00,1.00,8.50,2.20,1.95,15.42
00-01,0238,01,MABEL-CANTON,0 ,0,District Totals: ,23,FILLMORE,10,2.00,0.50,0.00,1.00,0.00,0.50,0.00,0.00,0.00,0.00,0.00,0.50,0.00,0.00,0.00,0.00,0.00,30.08,0.00,1.00,9.50,2.26,0.99,16.33
00-01,0239,01,RUSHFORD-PETERSON,0 ,0,District Totals: ,23,FILLMORE,10,4.44,1.00,0.00,2.67,0.00,0.77,0.00,0.00,0.00,0.00,0.00,1.00,1.00,0.00,0.00,0.00,1.00,46.05,1.03,1.50,13.00,6.04,2.66,21.82
00-01,0241,01,ALBERT LEA,0 ,0,District Totals: ,24,FREEBORN,10,11.00,1.00,0.00,6.00,2.00,2.00,0.00,1.00,0.00,0.00,0.00,5.00,4.00,1.83,2.00,3.33,6.00,235.23,6.65,5.50,66.00,44.38,3.33,109.37
00-01,0242,01,ALDEN,0 ,0,District Totals: ,24,FREEBORN,10,1.00,1.00,0.00,0.00,0.00,0.00,0.00,0.00,0.00,0.00,0.00,0.67,0.50,0.00,0.00,0.00,0.50,34.08,0.83,2.00,9.53,3.00,0.60,18.12
00-01,0252,01,CANNON FALLS,0 ,0,District Totals: ,25,GOODHUE,10,5.73,1.00,0.00,3.00,1.00,0.73,0.00,0.00,0.00,0.00,0.00,2.00,3.00,1.00,0.00,1.00,2.00,93.76,0.34,2.50,31.00,11.62,1.00,47.30
00-01,0253,01,GOODHUE,0 ,0,District Totals: ,25,GOODHUE,10,2.83,1.00,0.00,1.83,0.00,0.00,0.00,0.00,0.00,0.00,0.00,1.00,1.00,0.00,0.00,0.00,1.00,36.59,0.00,1.00,13.00,2.13,0.85,19.61
00-01,0255,01,PINE ISLAND,0 ,0,District Totals: ,25,GOODHUE,10,4.00,1.00,0.00,3.00,0.00,0.00,0.00,0.00,0.00,0.00,0.00,2.00,1.00,0.43,0.00,1.00,1.60,83.18,1.40,2.50,27.70,6.07,2.68,42.83
00-01,0256,01,RED WING,0 ,0,District Totals: ,25,GOODHUE,10,8.37,1.00,0.00,4.70,1.00,1.67,0.00,0.00,0.00,0.00,0.00,6.00,3.67,1.00,3.00,2.00,6.50,197.11,1.61,4.50,54.33,33.50,4.40,98.77
00-01,0261,01,ASHBY,0 ,0,District Totals: ,26,GRANT,04,3.00,0.50,0.00,1.50,0.00,0.00,1.00,0.00,0.00,0.00,0.00,0.00,0.50,0.00,0.00,0.00,0.00,22.03,0.00,0.50,7.05,2.00,0.68,11.80
00-01,0264,01,HERMAN-NORCROSS,0 ,0,District Totals: ,26,GRANT,04,1.17,0.17,0.00,1.00,0.00,0.00,0.00,0.00,0.00,0.00,0.00,0.07,0.77,0.00,0.00,0.17,0.24,17.43,0.00,0.67,5.25,1.46,0.00,10.05
00-01,0270,01,HOPKINS,0 ,0,District Totals: ,27,HENNEPIN,11,23.10,1.00,0.00,10.00,4.50,3.00,4.60,0.60,0.00,1.00,0.00,16.80,11.00,10.30,5.04,18.58,14.20,572.56,18.19,19.04,170.35,95.11,2.81,267.06
00-01,0271,01,BLOOMINGTON,0 ,0,District Totals: ,27,HENNEPIN,11,29.66,1.00,1.00,15.00,6.00,1.00,5.66,7.46,0.00,1.00,0.00,13.83,13.33,0.00,8.60,11.90,13.99,640.96,9.50,28.00,222.25,76.35,2.98,301.88
00-01,0272,01,EDEN PRAIRIE,0 ,0,District Totals: ,27,HENNEPIN,11,16.00,1.00,1.00,8.00,4.00,2.00,0.00,0.00,0.00,0.00,0.00,12.00,8.00,5.80,4.53,8.48,15.48,605.29,9.61,22.50,186.00,77.43,5.21,304.54
00-01,0273,01,EDINA,0 ,0,District Totals: ,27,HENNEPIN,11,19.00,1.00,2.00,9.00,3.00,3.00,1.00,0.00,0.00,0.00,0.00,9.00,9.00,4.70,7.00,9.00,11.80,425.09,7.21,13.00,147.98,38.95,1.00,216.95
00-01,0276,01,MINNETONKA,0 ,0,District Totals: ,27,HENNEPIN,11,22.00,1.00,2.00,9.00,6.00,2.00,2.00,1.00,0.00,1.00,0.00,8.40,9.00,3.00,3.40,9.26,13.62,460.05,3.31,15.50,155.43,60.17,3.20,222.44
00-01,0277,01,WESTONKA,0 ,0,District Totals: ,27,HENNEPIN,11,8.10,1.00,0.00,4.00,1.00,1.10,1.00,0.00,0.00,0.00,0.00,4.00,4.00,1.00,3.60,3.00,3.00,142.17,3.36,4.50,38.27,20.60,2.60,72.84
00-01,0278,01,ORONO,0 ,0,District Totals: ,27,HENNEPIN,11,9.00,1.00,0.50,4.00,2.00,1.50,0.00,0.00,0.00,0.00,0.00,3.00,3.00,1.00,3.50,1.00,3.33,145.09,0.50,4.00,47.93,15.14,1.40,76.12
00-01,0279,01,OSSEO,0 ,0,District Totals: ,27,HENNEPIN,11,52.00,1.00,5.00,28.00,11.00,6.00,1.00,1.00,0.00,0.00,0.00,31.00,36.50,1.17,17.00,17.17,36.50,"1,322.82",12.67,54.00,438.67,186.42,25.90,605.16
00-01,0280,01,RICHFIELD,0 ,0,District Totals: ,27,HENNEPIN,11,13.00,1.00,0.00,5.00,4.00,3.00,0.00,2.00,0.00,0.00,0.00,5.00,6.00,3.00,3.00,3.90,5.17,254.49,0.00,7.00,74.98,43.03,2.00,127.48
00-01,0281,01,ROBBINSDALE,0 ,0,District Totals: ,27,HENNEPIN,11,27.90,1.00,0.00,16.00,8.90,2.00,0.00,0.00,0.00,0.00,0.00,17.50,16.00,6.99,13.00,11.17,13.67,802.31,31.78,32.50,247.47,106.99,11.24,372.33
00-01,0282,01,ST. ANTHONY-NEW BRIGHTON,0 ,0,District Totals: ,27,HENNEPIN,11,5.80,1.00,0.00,3.00,0.00,1.80,0.00,0.00,0.00,0.00,0.00,2.80,2.00,1.20,1.50,0.00,1.50,95.35,0.00,2.50,26.38,9.56,0.51,56.40
00-01,0283,01,ST. LOUIS PARK,0 ,0,District Totals: ,27,HENNEPIN,11,14.20,1.00,1.00,7.00,2.00,3.00,0.20,1.00,0.00,0.00,0.00,3.28,7.00,3.54,0.00,10.00,7.67,309.88,13.40,9.00,84.98,50.91,2.80,148.79
00-01,0284,01,WAYZATA,0 ,0,District Totals: ,27,HENNEPIN,11,21.00,1.00,0.00,11.00,6.00,2.00,1.00,0.00,0.00,0.00,0.00,8.00,12.00,3.00,3.00,12.90,11.30,532.45,7.69,19.06,184.79,62.24,1.56,257.11
00-01,0286,01,BROOKLYN CENTER,0 ,0,District Totals: ,27,HENNEPIN,11,8.00,1.00,1.00,3.00,2.00,1.00,0.00,0.00,0.00,0.00,0.00,2.00,2.00,1.00,0.00,2.00,1.00,121.90,0.00,7.00,37.00,14.50,2.97,60.43
00-01,0287,06,INTERMEDIATE SCHOOL DISTRICT 287,0 ,0,District Totals: ,27,HENNEPIN,11,9.00,1.00,0.00,0.00,0.00,6.00,2.00,1.27,0.00,3.00,0.00,0.00,0.00,2.00,0.00,12.79,12.20,287.97,0.00,0.00,0.00,179.95,50.16,57.86
00-01,0294,01,HOUSTON,0 ,0,District Totals: ,28,HOUSTON,10,3.66,0.83,0.00,1.83,0.00,1.00,0.00,0.00,0.00,0.00,0.00,0.93,0.07,0.00,0.00,0.00,1.00,35.41,0.86,1.00,11.46,2.73,0.80,18.56
00-01,0297,01,SPRING GROVE,0 ,0,District Totals: ,28,HOUSTON,10,2.30,1.00,0.00,1.30,0.00,0.00,0.00,0.00,0.00,0.00,0.00,0.00,0.83,0.00,0.00,0.00,0.38,32.33,0.43,1.00,10.00,3.05,0.33,17.52
00-01,0299,01,CALEDONIA,0 ,0,District Totals: ,28,HOUSTON,10,4.00,1.00,0.00,2.00,0.00,1.00,0.00,0.00,0.00,0.00,0.00,2.00,1.67,1.00,0.00,0.00,1.00,73.75,0.50,2.00,18.00,11.66,2.64,38.95
00-01,0300,01,LACRESCENT-HOKAH,0 ,0,District Totals: ,28,HOUSTON,10,5.00,1.00,0.00,3.00,0.00,1.00,0.00,0.00,0.00,0.00,0.00,2.00,1.83,1.00,0.00,0.00,1.25,100.04,1.66,4.00,28.41,12.63,1.00,52.34
00-01,0306,01,LAPORTE,0 ,0,District Totals: ,29,HUBBARD,02,2.00,1.00,0.00,1.00,0.00,0.00,0.00,0.00,0.00,0.00,0.00,0.00,0.80,0.67,0.00,0.00,0.00,26.86,0.94,1.00,7.00,2.83,1.03,14.06
00-01,0308,01,NEVIS,0 ,0,District Totals: ,29,HUBBARD,02,1.83,1.00,0.00,0.83,0.00,0.00,0.00,0.00,0.00,0.00,0.00,0.00,1.00,0.00,0.00,0.00,0.66,37.14,1.17,1.00,12.00,2.73,0.20,20.04
00-01,0309,01,PARK RAPIDS,0 ,0,District Totals: ,29,HUBBARD,02,7.00,1.00,0.00,3.00,1.00,2.00,0.00,0.00,0.00,0.00,0.00,2.00,3.00,0.67,1.00,0.00,3.00,132.30,3.00,3.50,39.00,18.60,4.16,64.04
00-01,0314,01,BRAHAM,0 ,0,District Totals: ,30,ISANTI,07E,3.00,1.00,0.00,2.00,0.00,0.00,0.00,0.00,0.00,0.00,0.00,1.84,0.00,0.00,0.00,1.00,2.00,56.57,0.00,1.50,18.00,7.10,0.71,29.26
00-01,0316,01,GREENWAY,0 ,0,District Totals: ,31,ITASCA,03,4.00,1.00,0.00,3.00,0.00,0.00,0.00,0.00,0.00,0.00,0.00,2.00,2.67,1.00,0.80,0.00,2.44,95.08,2.40,4.00,26.24,18.89,1.17,42.38
00-01,0317,01,DEER RIVER,0 ,0,District Totals: ,31,ITASCA,03,4.50,1.00,0.00,2.00,0.50,1.00,0.00,0.17,0.00,0.00,0.00,2.00,2.00,1.00,1.00,0.00,2.00,81.43,1.00,2.20,25.00,12.53,0.00,40.70
00-01,0318,01,GRAND RAPIDS,0 ,0,District Totals: ,31,ITASCA,03,13.00,1.00,1.00,6.17,4.00,0.83,0.00,0.00,0.00,0.00,0.00,7.67,2.67,1.00,2.00,0.00,6.80,274.40,2.67,7.50,75.99,42.17,8.13,137.94
00-01,0319,01,NASHWAUK-KEEWATIN,0 ,0,District Totals: ,31,ITASCA,03,0.99,0.53,0.00,0.46,0.00,0.00,0.00,0.00,0.00,0.00,0.00,1.00,1.00,0.00,0.00,0.00,1.00,45.42,0.00,2.00,13.00,7.87,0.85,21.70
00-01,0330,01,HERON LAKE-OKABENA,0 ,0,District Totals: ,32,JACKSON,08,1.33,1.00,0.00,0.00,0.00,0.33,0.00,0.00,0.00,0.00,0.00,1.00,0.00,0.00,0.00,0.00,0.40,32.49,0.40,1.00,8.83,2.51,1.66,18.09
00-01,0332,01,MORA,0 ,0,District Totals: ,33,KANABEC,07E,5.00,1.00,0.00,3.00,0.00,0.00,1.00,0.00,0.00,0.00,0.00,2.00,2.50,1.00,0.00,2.00,3.00,128.07,1.83,3.50,43.31,14.36,3.83,61.24
00-01,0333,01,OGILVIE,0 ,0,District Totals: ,33,KANABEC,07E,3.00,1.00,0.00,2.00,0.00,0.00,0.00,0.00,0.00,0.00,0.00,1.00,1.00,0.00,0.00,1.00,0.00,52.46,0.00,3.00,19.00,5.07,0.66,24.73
00-01,0345,01,NEW LONDON-SPICER,0 ,0,District Totals: ,34,KANDIYOHI,06E,5.00,1.00,0.00,3.00,1.00,0.00,0.00,0.00,0.00,0.00,0.00,2.00,2.67,1.00,0.00,2.33,3.00,113.63,1.17,3.00,35.30,10.87,1.67,61.62
00-01,0347,01,WILLMAR,0 ,0,District Totals: ,34,KANDIYOHI,06E,14.00,1.00,0.00,5.00,4.00,1.00,3.00,0.50,0.00,1.00,0.00,5.00,4.50,1.83,1.00,6.00,7.97,345.12,12.07,9.00,87.00,62.10,7.79,167.16
00-01,0356,01,LANCASTER,0 ,0,District Totals: ,35,KITTSON,01,1.00,0.00,0.00,1.00,0.00,0.00,0.00,0.00,0.00,0.00,0.00,0.00,0.00,0.00,0.00,0.00,0.00,19.10,0.40,0.60,5.97,2.01,0.50,9.62
00-01,0361,01,INTERNATIONAL FALLS,0 ,0,District Totals: ,36,KOOCHICHING,03,7.83,1.00,0.00,2.50,2.00,1.50,0.83,0.00,0.00,0.00,0.00,1.00,1.83,0.00,1.00,0.00,2.00,94.31,1.40,3.00,30.00,11.70,2.02,46.19
00-01,0362,01,LITTLEFORK-BIG FALLS,0 ,0,District Totals: ,36,KOOCHICHING,03,1.00,1.00,0.00,0.00,0.00,0.00,0.00,0.00,0.00,0.00,0.00,0.17,1.00,0.00,0.00,0.00,0.00,23.14,0.50,1.00,7.00,1.83,0.37,12.44
00-01,0363,01,SOUTH KOOCHICHING,0 ,0,District Totals: ,36,KOOCHICHING,03,3.00,1.00,0.00,2.00,0.00,0.00,0.00,0.00,0.00,0.00,0.00,1.00,1.00,0.00,0.00,0.00,0.67,45.67,0.63,1.60,12.03,4.08,1.88,25.45
00-01,0371,01,BELLINGHAM,0 ,0,District Totals: ,37,LAC QUI PARLE,06W,1.00,0.50,0.00,0.50,0.00,0.00,0.00,0.00,0.00,0.00,0.00,0.00,0.00,0.00,0.00,0.00,0.40,10.27,0.40,0.60,7.27,1.00,0.00,1.00
00-01,0378,01,DAWSON-BOYD,0 ,0,District Totals: ,37,LAC QUI PARLE,06W,3.00,1.00,0.00,2.00,0.00,0.00,0.00,0.00,0.00,0.00,0.00,0.57,0.33,0.00,0.00,0.00,1.50,46.07,1.00,1.67,13.00,6.72,1.36,22.32
00-01,0381,01,LAKE SUPERIOR,0 ,0,District Totals: ,38,LAKE,03,7.00,1.00,0.00,4.00,1.00,1.00,0.00,0.00,0.00,0.00,0.00,3.00,1.00,1.00,1.00,0.00,1.50,113.60,1.92,3.00,38.00,16.50,0.74,53.44
00-01,0382,52,NORTHWEST RGN INTRDST COUNCIL,0 ,0,District Totals: ,45,MARSHALL,01,1.00,0.00,0.00,0.00,0.00,1.00,0.00,0.00,0.00,0.00,0.00,0.00,0.00,0.00,1.50,1.00,3.00,3.55,0.00,0.00,0.00,3.55,0.00,0.00
00-01,0390,01,LAKE OF THE WOODS,0 ,0,District Totals: ,39,LAKE OF THE WOODS,02,2.00,1.00,0.00,1.00,0.00,0.00,0.00,0.00,0.00,0.00,0.00,0.00,0.83,0.00,0.00,1.00,1.00,56.84,1.00,2.00,18.00,8.00,0.32,27.52
00-01,0391,01,CLEVELAND,0 ,0,District Totals: ,40,LESUEUR,09,3.00,1.50,0.00,1.50,0.00,0.00,0.00,0.00,0.00,0.00,0.00,0.50,0.84,0.00,0.00,0.00,0.00,30.92,0.00,2.00,9.50,3.50,0.51,15.41
00-01,0392,01,LECENTER,0 ,0,District Totals: ,40,LESUEUR,09,3.00,1.00,0.00,1.00,0.00,1.00,0.00,0.00,0.00,0.00,0.00,0.67,1.00,0.00,0.00,0.00,0.00,49.37,0.50,1.60,17.00,5.19,1.00,24.08
00-01,0394,01,MONTGOMERY-LONSDALE,0 ,0,District Totals: ,40,LESUEUR,09,3.00,1.00,0.00,2.00,0.00,0.00,0.00,0.00,0.00,0.00,0.00,1.01,1.00,0.00,0.00,2.01,2.00,69.52,1.40,4.00,21.00,8.25,1.02,33.85
00-01,0397,52,LAKE AGASSIZ SP ED COOP,0 ,0,District Totals: ,03,BECKER,04,1.00,0.00,0.00,0.00,0.00,1.00,0.00,0.00,0.00,0.00,0.00,0.00,0.00,0.00,1.00,2.00,0.00,4.00,0.00,0.00,0.00,4.00,0.00,0.00
00-01,0398,52,MIDWEST SP ED COOP,0 ,0,District Totals: ,75,STEVENS,04,1.00,0.00,0.00,0.00,0.00,1.00,0.00,0.00,0.00,0.00,0.00,0.00,0.00,0.00,3.00,0.00,0.00,5.02,0.00,0.00,0.00,4.02,1.00,0.00
00-01,0402,01,HENDRICKS,0 ,0,District Totals: ,41,LINCOLN,08,1.50,0.50,0.00,1.00,0.00,0.00,0.00,0.00,0.00,0.00,0.00,0.00,0.00,0.00,0.00,0.40,0.60,19.50,1.00,1.20,12.00,3.00,0.00,2.30
00-01,0403,01,IVANHOE,0 ,0,District Totals: ,41,LINCOLN,08,1.73,0.50,0.00,1.00,0.00,0.23,0.00,0.00,0.00,0.00,0.00,0.50,0.00,0.00,0.00,0.60,0.00,18.71,0.00,0.00,0.00,3.20,0.20,15.31
00-01,0404,01,LAKE BENTON,0 ,0,District Totals: ,41,LINCOLN,08,1.00,0.00,0.00,1.00,0.00,0.00,0.00,0.00,0.00,0.00,0.00,0.00,0.00,0.00,0.00,0.00,0.40,19.04,0.43,0.80,5.73,1.03,0.80,10.25
00-01,0409,01,TYLER,0 ,0,District Totals: ,41,LINCOLN,08,1.66,0.33,0.00,1.00,0.00,0.33,0.00,0.00,0.00,0.00,0.00,0.00,0.68,0.00,0.00,0.17,0.00,15.44,0.34,0.00,0.00,0.96,1.62,12.52
00-01,0411,01,BALATON,0 ,0,District Totals: ,42,LYON,08,0.00,0.00,0.00,0.00,0.00,0.00,0.00,0.00,0.00,0.00,0.00,0.00,0.00,0.00,0.00,0.00,0.00,9.43,0.00,1.00,5.00,0.37,0.00,3.06
00-01,0413,01,MARSHALL,0 ,0,District Totals: ,42,LYON,08,7.17,1.00,0.00,4.00,1.00,1.17,0.00,1.00,0.00,0.00,0.00,4.00,2.99,3.59,1.00,0.00,2.99,170.04,5.85,8.00,44.00,22.24,2.12,87.83
00-01,0414,01,MINNEOTA,0 ,0,District Totals: ,42,LYON,08,3.00,1.00,0.00,2.00,0.00,0.00,0.00,0.00,0.00,0.00,0.00,0.00,0.50,0.00,0.00,1.00,0.00,37.45,0.00,2.50,12.00,3.92,0.20,18.83
00-01,0415,01,LYND,0 ,0,District Totals: ,42,LYON,08,1.00,1.00,0.00,0.00,0.00,0.00,0.00,0.00,0.00,0.00,0.00,0.00,0.00,0.00,0.00,0.00,0.00,12.17,0.50,1.00,5.16,1.11,0.00,4.40
00-01,0417,01,TRACY,0 ,0,District Totals: ,42,LYON,08,3.00,1.00,0.00,2.00,0.00,0.00,0.00,0.00,0.00,0.00,0.00,1.00,1.00,0.77,0.57,0.00,1.00,59.35,0.50,3.00,14.50,7.24,2.40,31.71
00-01,0418,01,RUSSELL,0 ,0,District Totals: ,42,LYON,08,0.36,0.33,0.00,0.00,0.00,0.03,0.00,0.00,0.00,0.00,0.00,0.07,0.00,0.00,0.00,0.17,0.07,9.89,0.28,0.00,1.66,0.01,0.00,7.94
00-01,0423,01,HUTCHINSON,0 ,0,District Totals: ,43,MCLEOD,06E,9.00,1.00,1.00,4.00,3.00,0.00,0.00,0.00,0.00,0.00,0.00,4.66,2.00,1.00,0.00,1.00,1.00,186.14,2.74,5.50,61.80,14.98,4.79,96.33
00-01,0424,01,LESTER PRAIRIE,0 ,0,District Totals: ,43,MCLEOD,06E,3.00,1.00,0.00,1.00,0.00,0.00,1.00,0.00,0.00,0.00,0.00,0.00,1.00,0.00,0.00,0.00,0.00,33.80,0.50,1.00,12.00,1.80,0.20,18.30
00-01,0432,01,MAHNOMEN,0 ,0,District Totals: ,44,MAHNOMEN,02,4.40,1.00,0.00,2.00,0.00,0.00,1.40,0.00,0.00,0.00,0.00,1.00,1.00,0.00,0.00,0.00,0.00,67.95,1.00,3.00,18.00,10.50,1.60,33.85
00-01,0435,01,WAUBUN,0 ,0,District Totals: ,44,MAHNOMEN,02,3.00,1.00,0.00,2.00,0.00,0.00,0.00,0.00,0.00,0.00,0.00,1.00,1.00,0.00,0.00,0.00,0.00,55.37,0.00,3.00,18.00,5.33,1.37,27.67
00-01,0441,01,MARSHALL COUNTY CENTRAL SCHOOLS,0 ,0,District Totals: ,45,MARSHALL,01,2.99,1.00,0.00,1.66,0.00,0.33,0.00,0.00,0.00,0.00,0.00,0.40,0.00,0.60,0.00,0.00,1.00,30.24,0.83,1.00,6.00,3.87,0.66,17.88
00-01,0447,01,GRYGLA,0 ,0,District Totals: ,45,MARSHALL,01,1.50,0.67,0.00,0.83,0.00,0.00,0.00,0.00,0.00,0.00,0.00,0.00,0.67,0.00,0.00,0.00,0.00,18.03,0.00,1.00,6.00,1.33,1.25,8.45
00-01,0458,01,TRUMAN,0 ,0,District Totals: ,46,MARTIN,09,2.00,0.50,0.00,1.50,0.00,0.00,0.00,0.00,0.00,0.00,0.00,0.66,0.67,0.00,0.00,0.00,0.80,34.46,0.99,1.00,11.00,2.17,1.02,18.28
00-01,0463,01,EDEN VALLEY-WATKINS,0 ,0,District Totals: ,47,MEEKER,06E,2.00,1.00,0.00,1.00,0.00,0.00,0.00,0.00,0.00,0.00,0.00,0.60,0.50,0.80,0.00,1.23,1.80,58.17,0.27,2.97,19.60,8.90,0.60,25.83
00-01,0465,01,LITCHFIELD,0 ,0,District Totals: ,47,MEEKER,06E,6.60,1.00,0.00,3.00,2.00,0.60,0.00,0.00,0.00,0.00,0.00,2.00,2.00,1.00,0.00,1.50,4.00,129.94,2.94,3.50,38.00,15.67,1.80,68.03
00-01,0466,01,DASSEL-COKATO,0 ,0,District Totals: ,47,MEEKER,06E,7.00,1.00,0.00,4.00,1.00,0.00,1.00,0.50,0.00,0.00,0.00,2.00,4.00,1.00,0.00,2.50,2.49,138.43,1.00,4.00,44.00,13.38,2.33,73.72
00-01,0473,01,ISLE,0 ,0,District Totals: ,48,MILLE LACS,07E,1.27,1.00,0.00,0.27,0.00,0.00,0.00,0.23,0.00,0.00,0.00,0.00,1.00,0.00,0.00,0.00,1.00,38.81,0.99,2.10,11.92,3.47,0.23,20.10
00-01,0477,01,PRINCETON,0 ,0,District Totals: ,48,MILLE LACS,07E,9.00,1.00,0.00,4.00,3.00,1.00,0.00,1.00,0.00,0.00,0.00,4.00,4.00,1.00,0.00,1.00,5.00,177.02,2.49,5.50,55.99,22.05,5.00,85.99
00-01,0480,01,ONAMIA,0 ,0,District Totals: ,48,MILLE LACS,07E,3.83,1.00,0.00,2.00,0.00,0.83,0.00,0.00,0.00,0.00,0.00,0.17,2.00,0.00,0.00,0.00,2.00,59.67,1.50,1.00,16.00,9.50,1.53,30.14
00-01,0482,01,LITTLE FALLS,0 ,0,District Totals: ,49,MORRISON,05,9.00,1.00,0.00,5.00,3.00,0.00,0.00,0.00,0.00,0.00,0.00,3.00,3.00,1.17,0.00,3.00,2.00,205.96,0.00,10.00,61.64,25.56,13.15,95.61
00-01,0484,01,PIERZ,0 ,0,District Totals: ,49,MORRISON,05,3.50,1.00,0.00,2.00,0.00,0.50,0.00,0.00,0.00,0.00,0.00,1.60,2.00,1.00,0.00,0.00,2.00,70.86,1.00,3.00,19.00,9.49,1.83,36.54
00-01,0485,01,ROYALTON,0 ,0,District Totals: ,49,MORRISON,05,3.00,1.00,0.00,2.00,0.00,0.00,0.00,0.00,0.00,0.00,0.00,1.00,2.00,0.00,0.00,0.00,1.00,49.58,0.00,1.00,16.00,6.03,2.33,24.22
00-01,0486,01,SWANVILLE,0 ,0,District Totals: ,49,MORRISON,05,1.50,0.50,0.00,1.00,0.00,0.00,0.00,0.00,0.00,0.00,0.00,0.00,0.00,0.00,0.00,0.00,0.00,29.88,0.00,2.00,8.00,2.00,0.00,17.88
00-01,0487,01,UPSALA,0 ,0,District Totals: ,49,MORRISON,05,1.50,0.50,0.00,0.83,0.00,0.17,0.00,0.00,0.00,0.00,0.00,0.00,0.67,0.00,0.00,0.00,1.00,30.66,0.00,0.50,10.50,3.00,0.60,16.06
00-01,0492,01,AUSTIN,0 ,0,District Totals: ,50,MOWER,10,11.00,1.00,0.00,6.00,2.00,2.00,0.00,1.00,0.00,0.00,0.00,4.00,6.00,0.00,2.00,2.00,8.00,272.12,2.43,8.50,82.37,49.58,7.48,121.76
00-01,0495,01,GRAND MEADOW,0 ,0,District Totals: ,50,MOWER,10,2.20,1.00,0.00,1.00,0.00,0.20,0.00,0.00,0.00,0.00,0.00,0.60,0.63,0.00,0.00,0.60,0.50,28.43,0.50,1.00,8.00,4.27,0.71,13.95
00-01,0497,01,LYLE,0 ,0,District Totals: ,50,MOWER,10,2.00,1.00,0.00,1.00,0.00,0.00,0.00,0.00,0.00,0.00,0.00,0.00,1.00,0.00,0.00,0.00,0.00,21.92,0.00,0.67,5.99,2.00,0.00,13.26
00-01,0499,01,LEROY,0 ,0,District Totals: ,50,MOWER,10,2.20,0.50,0.00,1.50,0.00,0.20,0.00,0.00,0.00,0.00,0.00,1.00,0.00,0.00,0.00,0.50,0.50,28.65,0.00,1.00,7.50,5.20,1.20,13.75
00-01,0500,01,SOUTHLAND,0 ,0,District Totals: ,50,MOWER,10,3.40,1.00,0.00,2.00,0.00,0.40,0.00,0.00,0.00,0.00,0.00,1.00,1.50,0.00,0.00,0.80,1.00,46.43,1.40,2.00,11.50,5.17,1.20,25.16
00-01,0505,01,FULDA,0 ,0,District Totals: ,51,MURRAY,08,4.00,1.00,0.00,2.00,0.00,1.00,0.00,0.00,0.00,0.00,0.00,0.17,1.00,0.93,0.40,1.00,1.00,42.31,0.00,1.00,12.00,5.11,2.19,22.01
00-01,0507,01,NICOLLET,0 ,0,District Totals: ,52,NICOLLET,09,2.00,1.00,0.00,0.83,0.00,0.17,0.00,0.00,0.00,0.00,0.00,0.83,0.50,0.00,0.00,1.00,0.00,25.41,0.17,1.00,6.00,3.01,1.21,14.02
00-01,0508,01,ST. PETER,0 ,0,District Totals: ,52,NICOLLET,09,6.43,1.00,0.00,3.00,1.43,1.00,0.00,0.00,0.00,0.00,0.00,3.00,2.33,1.00,0.00,2.00,2.00,131.04,2.51,6.00,33.33,20.12,0.33,68.75
00-01,0511,01,ADRIAN,0 ,0,District Totals: ,53,NOBLES,08,2.80,0.80,0.00,2.00,0.00,0.00,0.00,0.00,0.00,0.00,0.00,0.00,0.00,1.00,0.47,0.00,1.00,47.97,0.20,1.60,16.17,5.17,0.80,24.03
00-01,0513,01,BREWSTER,0 ,0,District Totals: ,53,NOBLES,08,0.73,0.23,0.00,0.50,0.00,0.00,0.00,0.00,0.00,0.00,0.00,0.00,0.00,0.00,0.00,0.00,0.97,12.78,0.17,1.00,7.17,1.77,0.00,2.67
00-01,0514,01,ELLSWORTH,0 ,0,District Totals: ,53,NOBLES,08,0.83,0.00,0.00,0.83,0.00,0.00,0.00,0.00,0.00,0.00,0.00,0.00,0.00,0.00,0.13,0.00,0.00,16.15,0.00,0.60,6.60,1.02,0.00,7.93
00-01,0516,01,ROUND LAKE,0 ,0,District Totals: ,53,NOBLES,08,1.77,0.27,0.00,1.00,0.00,0.50,0.00,0.00,0.00,0.00,0.00,0.00,0.00,0.00,0.00,0.00,0.03,16.28,0.00,0.00,0.00,1.08,0.66,14.54
00-01,0518,01,WORTHINGTON,0 ,0,District Totals: ,53,NOBLES,08,10.00,1.00,0.00,4.00,2.00,2.00,1.00,0.00,0.00,0.00,0.00,4.00,4.00,0.00,2.20,0.00,3.99,169.31,0.00,4.00,46.83,29.55,6.00,82.93
00-01,0531,01,BYRON,0 ,0,District Totals: ,55,OLMSTED,10,5.00,1.00,0.00,3.00,0.00,1.00,0.00,0.00,0.00,0.00,0.00,3.00,2.00,1.00,0.00,0.00,3.00,86.26,1.00,3.00,27.83,14.37,1.00,39.06
00-01,0533,01,DOVER-EYOTA,0 ,0,District Totals: ,55,OLMSTED,10,3.00,1.00,0.00,2.00,0.00,0.00,0.00,0.00,0.00,0.00,0.00,1.00,1.00,0.00,0.00,1.00,1.00,67.55,1.54,4.00,22.00,8.26,0.48,31.27
00-01,0534,01,STEWARTVILLE,0 ,0,District Totals: ,55,OLMSTED,10,7.00,1.00,0.00,3.50,1.00,1.50,0.00,0.00,0.00,0.00,0.00,3.00,2.00,1.00,0.00,1.00,2.15,107.17,1.32,3.60,37.00,15.67,1.77,47.81
00-01,0535,01,ROCHESTER,0 ,0,District Totals: ,55,OLMSTED,10,41.00,1.00,0.00,22.00,14.00,4.00,0.00,0.00,0.00,3.00,0.00,23.39,17.90,2.00,6.00,9.89,22.89,959.44,0.00,36.50,294.38,138.81,38.02,451.73
00-01,0542,01,BATTLE LAKE,0 ,0,District Totals: ,56,OTTER TAIL,04,2.00,1.00,0.00,1.00,0.00,0.00,0.00,0.00,0.00,0.00,0.00,1.00,1.00,0.00,0.00,0.00,0.00,34.99,0.00,1.00,12.50,3.00,1.04,17.45
00-01,0544,01,FERGUS FALLS,0 ,0,District Totals: ,56,OTTER TAIL,04,6.00,1.00,0.00,3.00,1.00,1.00,0.00,0.00,0.00,0.00,0.00,4.99,3.01,1.00,0.00,0.00,2.09,175.72,0.00,4.50,52.00,29.31,3.50,86.41
00-01,0545,01,HENNING,0 ,0,District Totals: ,56,OTTER TAIL,04,0.83,0.00,0.00,0.83,0.00,0.00,0.00,0.00,0.00,0.00,0.00,0.83,1.00,0.00,0.00,0.00,0.60,33.95,0.00,1.00,10.16,4.17,0.00,18.62
00-01,0547,01,PARKERS PRAIRIE,0 ,0,District Totals: ,56,OTTER TAIL,04,2.00,0.50,0.00,1.50,0.00,0.00,0.00,0.00,0.00,0.00,0.00,1.00,0.00,0.00,0.00,0.00,1.00,42.40,0.00,1.00,13.00,4.00,1.32,23.08
00-01,0548,01,PELICAN RAPIDS,0 ,0,District Totals: ,56,OTTER TAIL,04,3.00,1.00,0.00,2.00,0.00,0.00,0.00,0.00,0.00,0.00,0.00,1.00,2.00,0.00,0.00,0.00,1.00,87.00,0.00,2.50,26.67,8.06,1.79,47.98
00-01,0549,01,PERHAM,0 ,0,District Totals: ,56,OTTER TAIL,04,5.00,1.00,0.00,3.00,0.00,1.00,0.00,0.00,0.00,0.00,0.00,2.00,2.00,1.00,1.00,0.00,4.00,113.03,0.80,4.10,30.00,15.56,1.41,61.16
00-01,0550,01,UNDERWOOD,0 ,0,District Totals: ,56,OTTER TAIL,04,2.83,1.00,0.00,1.00,0.00,0.83,0.00,0.00,0.00,0.00,0.00,0.00,0.00,0.00,0.00,0.00,0.00,33.17,1.23,1.00,9.00,3.03,0.00,18.91
00-01,0553,01,NEW YORK MILLS,0 ,0,District Totals: ,56,OTTER TAIL,04,3.00,0.50,0.00,2.00,0.00,0.50,0.00,0.00,0.00,0.00,0.00,1.00,1.00,0.00,0.00,0.00,1.00,47.10,0.00,2.00,17.02,5.93,1.68,20.47
00-01,0561,01,GOODRIDGE,0 ,0,District Totals: ,57,PENNINGTON,01,1.00,0.00,0.00,1.00,0.00,0.00,0.00,0.00,0.00,0.00,0.00,0.00,0.50,0.00,0.00,0.00,0.00,17.19,0.00,0.60,5.83,2.03,0.41,8.32
00-01,0564,01,THIEF RIVER FALLS,0 ,0,District Totals: ,57,PENNINGTON,01,5.00,0.00,0.00,2.00,2.00,0.00,1.00,0.00,0.00,0.00,0.00,4.00,2.00,0.00,1.00,1.00,4.00,153.26,2.70,4.00,33.50,22.43,3.65,86.98
00-01,0577,01,WILLOW RIVER,0 ,0,District Totals: ,58,PINE,07E,2.50,1.00,0.00,1.00,0.00,0.50,0.00,0.50,0.00,0.00,0.00,0.00,0.50,0.00,0.07,0.00,0.00,35.83,0.00,2.00,12.00,3.50,0.67,17.66
00-01,0578,01,PINE CITY,0 ,0,District Totals: ,58,PINE,07E,4.70,1.00,0.00,3.00,0.00,0.70,0.00,1.00,0.00,0.00,0.00,1.83,2.00,1.00,1.13,0.00,1.20,106.00,1.00,3.00,34.00,11.73,1.80,54.47
00-01,0581,01,EDGERTON,0 ,0,District Totals: ,59,PIPESTONE,08,1.37,0.37,0.00,1.00,0.00,0.00,0.00,0.00,0.00,0.00,0.00,0.00,0.00,0.00,0.30,0.00,1.00,23.59,0.97,0.60,6.18,2.59,0.34,12.91
00-01,0584,01,RUTHTON,0 ,0,District Totals: ,59,PIPESTONE,08,1.33,0.33,0.00,1.00,0.00,0.00,0.00,0.00,0.00,0.00,0.00,0.00,0.50,0.00,0.00,0.67,0.90,20.90,0.34,1.60,12.00,2.33,0.00,4.63
00-01,0592,01,CLIMAX,0 ,0,District Totals: ,60,POLK,01,2.00,1.00,0.00,1.00,0.00,0.00,0.00,0.00,0.00,0.00,0.00,0.00,0.00,0.00,0.00,0.40,0.60,18.00,0.40,0.60,5.03,2.00,0.60,9.37
00-01,0593,01,CROOKSTON,0 ,0,District Totals: ,60,POLK,01,6.00,1.00,0.00,4.00,0.00,1.00,0.00,0.00,0.00,0.00,0.00,2.00,0.00,1.00,0.50,0.00,2.00,102.88,0.00,6.00,30.00,16.26,4.66,45.96
00-01,0595,01,EAST GRAND FORKS,0 ,0,District Totals: ,60,POLK,01,7.83,1.00,0.00,4.00,1.83,1.00,0.00,0.00,0.00,0.00,0.00,3.27,4.19,0.67,0.00,1.00,3.52,122.39,1.37,3.50,37.10,13.57,3.28,63.57
00-01,0599,01,FERTILE-BELTRAMI,0 ,0,District Totals: ,60,POLK,01,3.67,1.00,0.00,2.00,0.00,0.67,0.00,0.00,0.00,0.00,0.00,1.00,0.50,0.00,0.00,0.00,1.00,41.45,0.27,1.00,12.00,5.57,2.04,20.57
00-01,0600,01,FISHER,0 ,0,District Totals: ,60,POLK,01,1.00,1.00,0.00,0.00,0.00,0.00,0.00,0.00,0.00,0.00,0.00,1.00,0.40,0.00,0.00,0.00,1.00,22.27,0.10,0.83,6.00,2.97,0.00,12.37
00-01,0601,01,FOSSTON,0 ,0,District Totals: ,60,POLK,01,4.67,1.00,0.00,3.00,0.00,0.67,0.00,0.00,0.00,0.00,0.00,0.00,0.00,0.00,0.00,0.00,1.60,51.09,0.47,1.00,15.00,6.00,2.40,26.22
00-01,0611,01,CYRUS,0 ,0,District Totals: ,61,POPE,04,1.00,0.47,0.00,0.47,0.00,0.06,0.00,0.00,0.00,0.00,0.00,0.00,0.17,0.00,0.00,0.00,0.40,7.91,0.12,0.50,6.00,0.50,0.00,0.79
00-01,0621,01,MOUNDS VIEW,0 ,0,District Totals: ,62,RAMSEY,11,24.00,1.00,1.00,15.00,7.00,0.00,0.00,1.00,0.00,0.00,0.00,10.50,6.50,4.40,5.82,12.10,15.90,687.84,19.30,24.07,224.66,102.86,19.52,297.43
00-01,0622,01,NORTH ST PAUL-MAPLEWOOD,0 ,0,District Totals: ,62,RAMSEY,11,13.00,0.00,0.00,9.00,4.00,0.00,0.00,3.00,0.00,0.00,0.00,15.74,13.60,5.25,6.50,8.00,24.31,582.37,3.57,20.00,211.01,75.53,3.00,269.26
00-01,0623,01,ROSEVILLE,0 ,0,District Totals: ,62,RAMSEY,11,20.00,1.00,1.00,9.00,4.00,4.00,1.00,2.00,0.00,0.00,0.00,5.82,8.66,5.07,4.59,5.20,13.56,363.47,0.00,12.50,120.00,54.35,5.20,171.42
00-01,0624,01,WHITE BEAR LAKE,0 ,0,District Totals: ,62,RAMSEY,11,24.00,1.00,0.00,15.00,6.00,2.00,0.00,1.00,0.00,0.00,0.00,6.00,12.50,4.00,13.60,5.30,18.40,513.81,4.53,15.50,148.00,75.25,7.47,263.06
00-01,0625,01,ST. PAUL,0 ,0,District Totals: ,62,RAMSEY,11,140.00,1.00,7.00,73.00,54.00,0.00,5.00,4.49,0.00,1.00,0.00,76.36,54.02,66.17,19.67,100.52,78.16,"3,130.07",68.90,136.50,909.04,475.17,31.65,"1,508.81"
00-01,0627,01,OKLEE,0 ,0,District Totals: ,63,RED LAKE,01,1.00,0.00,0.00,1.00,0.00,0.00,0.00,0.00,0.00,0.00,0.00,0.00,0.00,0.00,0.00,0.00,0.50,19.40,0.43,1.00,6.00,1.80,0.76,9.41
00-01,0628,01,PLUMMER,0 ,0,District Totals: ,63,RED LAKE,01,0.99,0.33,0.00,0.66,0.00,0.00,0.00,0.00,0.00,0.00,0.00,0.00,0.00,0.00,0.00,0.00,0.30,16.74,0.88,0.60,6.00,1.07,0.60,7.59
00-01,0630,01,RED LAKE FALLS,0 ,0,District Totals: ,63,RED LAKE,01,1.66,1.00,0.00,0.33,0.00,0.33,0.00,0.00,0.00,0.00,0.00,0.33,0.66,0.00,0.00,1.00,1.00,31.42,1.66,0.60,7.00,2.99,0.33,18.84
00-01,0635,01,MILROY,0 ,0,District Totals: ,64,REDWOOD,08,0.83,0.00,0.00,0.00,0.00,0.00,0.83,0.00,0.00,0.00,0.00,0.00,0.33,0.00,0.00,0.00,0.00,11.37,0.33,1.00,5.08,1.00,0.00,3.96
00-01,0640,01,WABASSO,0 ,0,District Totals: ,64,REDWOOD,08,1.00,1.00,0.00,0.00,0.00,0.00,0.00,0.00,0.00,0.00,0.00,1.00,1.00,0.00,0.00,0.00,1.00,38.35,0.43,1.07,7.46,4.96,1.00,23.43
00-01,0641,01,WALNUT GROVE,0 ,0,District Totals: ,64,REDWOOD,08,1.50,0.50,0.00,1.00,0.00,0.00,0.00,0.00,0.00,0.00,0.00,0.20,0.63,0.00,0.00,0.00,0.23,16.88,0.00,1.00,6.10,1.05,0.00,8.73
00-01,0656,01,FARIBAULT,0 ,0,District Totals: ,66,RICE,10,9.00,1.00,0.00,5.00,2.00,1.00,0.00,1.50,0.00,0.00,0.00,3.00,4.55,2.60,2.10,0.20,5.29,246.02,9.37,6.50,66.81,42.04,3.84,117.46
00-01,0659,01,NORTHFIELD,0 ,0,District Totals: ,66,RICE,10,9.00,1.00,0.00,5.00,2.00,1.00,0.00,0.00,0.00,0.00,0.00,6.27,4.20,1.00,2.00,1.80,4.00,223.01,2.00,7.00,70.82,29.52,0.51,113.16
00-01,0671,01,HILLS-BEAVER CREEK,0 ,0,District Totals: ,67,ROCK,08,1.50,1.00,0.00,0.50,0.00,0.00,0.00,0.00,0.00,0.00,0.00,0.33,0.00,0.00,0.27,0.00,1.00,27.36,0.33,2.00,9.17,2.21,0.80,12.85
00-01,0676,01,BADGER,0 ,0,District Totals: ,68,ROSEAU,01,1.03,0.50,0.00,0.50,0.00,0.03,0.00,0.00,0.00,0.00,0.00,0.00,0.50,0.00,0.00,0.00,0.00,20.36,0.00,0.60,6.00,2.00,0.00,11.76
00-01,0682,01,ROSEAU,0 ,0,District Totals: ,68,ROSEAU,01,4.00,1.00,0.00,2.00,1.00,0.00,0.00,0.00,0.00,0.00,0.00,1.00,1.00,1.00,0.00,0.00,2.01,84.06,1.00,3.00,31.00,13.04,1.00,35.02
00-01,0690,01,WARROAD,0 ,0,District Totals: ,68,ROSEAU,01,4.50,1.00,0.00,2.00,0.00,1.00,0.50,0.00,0.00,0.00,0.00,2.00,1.33,1.00,0.00,1.00,2.51,94.32,2.50,4.17,29.35,11.68,3.06,43.56
00-01,0695,01,CHISHOLM,0 ,0,District Totals: ,69,ST. LOUIS,03,3.00,1.00,0.00,2.00,0.00,0.00,0.00,0.00,0.00,0.00,0.00,1.00,2.51,1.00,0.00,0.00,1.33,56.44,0.47,2.17,19.84,5.24,0.80,27.92
00-01,0696,01,ELY,0 ,0,District Totals: ,69,ST. LOUIS,03,3.00,1.00,0.00,2.00,0.00,0.00,0.00,0.00,0.00,0.00,0.00,0.83,1.00,0.00,0.00,0.00,1.00,43.80,0.80,1.50,13.00,5.33,0.00,23.17
00-01,0698,01,FLOODWOOD,0 ,0,District Totals: ,69,ST. LOUIS,03,1.00,1.00,0.00,0.00,0.00,0.00,0.00,0.00,0.00,0.00,0.00,0.00,1.00,0.20,1.00,0.00,0.34,33.93,0.41,1.00,11.00,4.52,0.60,16.40
00-01,0700,01,HERMANTOWN,0 ,0,District Totals: ,69,ST. LOUIS,03,4.50,1.00,0.00,3.00,0.50,0.00,0.00,1.00,0.00,0.00,0.00,3.90,2.00,1.00,1.00,1.00,5.00,107.10,1.88,3.00,30.00,14.77,0.00,57.45
00-01,0701,01,HIBBING,0 ,0,District Totals: ,69,ST. LOUIS,03,9.60,1.00,0.00,5.00,1.83,1.60,0.17,0.00,0.00,0.00,0.00,4.00,5.00,1.00,1.00,0.00,2.50,172.57,3.60,11.00,49.33,23.48,0.40,84.76
00-01,0704,01,PROCTOR,0 ,0,District Totals: ,69,ST. LOUIS,03,7.00,1.00,0.00,3.00,0.00,1.00,2.00,0.00,0.00,0.00,0.00,4.00,2.60,1.00,1.00,0.00,3.34,116.27,3.47,3.00,37.83,13.60,2.17,56.20
00-01,0706,01,VIRGINIA,0 ,0,District Totals: ,69,ST. LOUIS,03,6.00,1.00,0.00,3.00,1.00,1.00,0.00,0.00,0.00,0.00,0.00,3.00,2.37,0.00,2.00,0.00,2.50,115.29,2.10,6.90,33.60,17.10,3.80,51.79
00-01,0707,01,NETT LAKE,0 ,0,District Totals: ,69,ST. LOUIS,03,0.50,0.50,0.00,0.00,0.00,0.00,0.00,0.00,0.00,0.00,0.00,0.00,0.00,0.00,0.00,0.00,0.00,7.50,0.50,1.00,3.00,1.00,0.00,2.00
00-01,0709,01,DULUTH,0 ,0,District Totals: ,69,ST. LOUIS,03,37.80,1.00,0.00,21.00,11.80,4.00,0.00,2.96,0.00,1.00,0.00,19.70,15.87,12.60,8.00,18.90,17.67,844.26,38.27,36.50,229.48,145.21,28.94,365.86
00-01,0712,01,MOUNTAIN IRON-BUHL,0 ,0,District Totals: ,69,ST. LOUIS,03,2.83,1.00,0.00,1.83,0.00,0.00,0.00,0.00,0.00,0.00,0.00,0.83,1.60,0.33,0.00,0.00,1.00,41.07,0.00,2.00,12.00,5.47,0.80,20.80
00-01,0716,01,BELLE PLAINE,0 ,0,District Totals: ,70,SCOTT,11,5.00,1.00,0.00,3.00,0.00,1.00,0.00,0.00,0.00,0.00,0.00,1.00,2.00,0.00,0.00,2.00,1.67,73.37,1.50,4.00,25.00,6.67,1.18,35.02
00-01,0717,01,JORDAN,0 ,0,District Totals: ,70,SCOTT,11,4.00,1.00,0.00,2.00,0.00,1.00,0.00,0.00,0.00,0.00,0.00,1.00,2.00,1.00,0.00,1.00,2.00,77.20,2.00,5.00,24.00,8.00,0.50,37.70
00-01,0719,01,PRIOR LAKE,0 ,0,District Totals: ,70,SCOTT,11,13.50,1.00,1.00,6.50,3.00,0.00,2.00,0.00,0.00,0.00,0.00,6.10,6.00,2.00,0.00,4.50,6.90,270.41,7.07,11.00,95.60,21.02,6.20,129.52
00-01,0720,01,SHAKOPEE,0 ,0,District Totals: ,70,SCOTT,11,9.00,1.00,0.00,4.00,2.00,2.00,0.00,1.00,0.00,0.00,0.00,5.00,5.00,1.20,3.00,5.00,8.40,237.88,3.40,8.00,81.00,36.91,2.00,106.57
00-01,0721,01,NEW PRAGUE,0 ,0,District Totals: ,70,SCOTT,11,6.00,1.00,0.00,4.00,0.00,1.00,0.00,0.00,0.00,0.00,0.00,2.98,3.00,1.00,0.00,3.00,2.99,134.61,2.67,6.00,43.00,9.30,2.64,71.00
00-01,0726,01,BECKER,0 ,0,District Totals: ,71,SHERBURNE,07W,6.00,1.00,0.00,3.00,1.00,1.00,0.00,0.00,0.00,0.00,0.00,2.00,3.00,1.00,0.00,2.00,3.03,122.60,2.32,4.00,43.70,13.79,1.49,57.30
00-01,0727,01,BIG LAKE,0 ,0,District Totals: ,71,SHERBURNE,07W,8.00,1.00,1.00,4.00,1.00,1.00,0.00,0.00,0.00,0.00,0.00,3.00,3.00,1.00,0.00,4.00,4.00,163.14,1.00,8.00,60.69,19.50,0.00,73.95
00-01,0728,01,ELK RIVER,0 ,0,District Totals: ,71,SHERBURNE,07W,23.50,1.00,0.00,12.00,5.00,2.00,3.50,3.98,0.00,0.60,0.00,9.17,12.00,2.00,4.83,12.42,18.33,541.99,5.00,16.50,184.09,81.83,7.72,246.85
00-01,0738,01,HOLDINGFORD,0 ,0,District Totals: ,73,STEARNS,07W,3.17,1.00,0.00,2.00,0.00,0.17,0.00,0.00,0.00,0.00,0.00,2.00,2.00,0.00,0.00,0.00,1.80,67.83,1.00,3.00,21.02,6.00,2.00,34.81
00-01,0739,01,KIMBALL,0 ,0,District Totals: ,73,STEARNS,07W,4.00,1.00,0.00,2.00,0.00,1.00,0.00,0.00,0.00,0.00,0.00,1.00,1.00,0.00,0.00,1.00,1.50,69.25,2.37,3.33,21.13,9.68,1.16,31.58
00-01,0740,01,MELROSE,0 ,0,District Totals: ,73,STEARNS,07W,4.60,1.00,0.00,2.00,1.00,0.60,0.00,0.00,0.00,0.00,0.00,1.00,1.00,0.60,0.00,2.00,3.00,101.78,1.13,4.37,25.00,14.07,2.84,54.37
00-01,0741,01,PAYNESVILLE,0 ,0,District Totals: ,73,STEARNS,07W,5.00,1.00,0.00,3.00,0.00,1.00,0.00,0.00,0.00,0.00,0.00,1.17,2.00,1.00,0.00,0.00,2.01,84.70,0.93,2.50,22.17,11.36,3.20,44.54
00-01,0742,01,ST. CLOUD,0 ,0,District Totals: ,73,STEARNS,07W,33.00,1.00,1.00,15.00,10.00,3.00,3.00,6.00,0.00,0.00,0.00,16.50,13.93,7.98,10.00,12.00,26.80,718.04,22.04,23.50,202.32,175.25,11.17,283.76
00-01,0743,01,SAUK CENTRE,0 ,0,District Totals: ,73,STEARNS,07W,4.50,1.00,0.00,3.00,0.00,0.50,0.00,0.00,0.00,0.00,0.00,1.00,1.00,0.00,0.00,1.00,2.50,86.28,1.26,2.40,18.00,11.84,3.32,49.46
00-01,0745,01,ALBANY,0 ,0,District Totals: ,73,STEARNS,07W,5.83,1.00,0.00,3.83,0.00,1.00,0.00,0.17,0.00,0.00,0.00,2.00,2.00,1.00,0.00,0.00,3.00,108.44,2.67,3.00,31.00,13.80,2.31,55.66
00-01,0748,01,SARTELL,0 ,0,District Totals: ,73,STEARNS,07W,7.00,1.00,0.00,4.00,2.00,0.00,0.00,1.00,0.00,0.00,0.00,3.00,4.00,1.00,0.00,1.67,4.50,166.72,3.68,6.83,53.23,19.60,4.95,78.43
00-01,0750,01,ROCORI,0 ,0,District Totals: ,73,STEARNS,07W,7.00,1.00,0.00,4.00,1.00,1.00,0.00,1.00,0.00,0.00,0.00,4.50,4.67,1.00,0.00,0.00,3.38,135.30,1.54,3.50,38.00,16.22,1.80,74.24
00-01,0756,01,BLOOMING PRAIRIE,0 ,0,District Totals: ,74,STEELE,10,3.00,1.00,0.00,2.00,0.00,0.00,0.00,1.00,0.00,0.00,0.00,1.83,2.00,0.80,0.00,1.00,1.00,59.09,1.80,2.00,19.00,6.54,1.79,27.96
00-01,0761,01,OWATONNA,0 ,0,District Totals: ,74,STEELE,10,14.00,1.00,0.00,8.00,2.00,2.00,1.00,0.00,0.00,0.00,0.00,3.00,4.00,0.00,2.00,5.00,6.00,289.44,3.91,9.00,90.68,39.10,4.00,142.75
00-01,0763,01,MEDFORD,0 ,0,District Totals: ,74,STEELE,10,3.73,1.00,0.00,2.00,0.00,0.73,0.00,0.00,0.00,0.00,0.00,1.00,0.00,0.00,0.00,0.00,0.00,38.99,1.09,2.00,12.00,3.00,0.40,20.50
00-01,0768,01,HANCOCK,0 ,0,District Totals: ,75,STEVENS,04,1.83,1.00,0.00,0.83,0.00,0.00,0.00,0.00,0.00,0.00,0.00,0.00,0.17,0.00,0.00,0.00,0.40,19.33,0.00,0.60,6.00,2.00,1.27,9.46
00-01,0769,01,MORRIS,0 ,0,District Totals: ,75,STEVENS,04,3.00,1.00,0.00,2.00,0.00,0.00,0.00,0.00,0.00,0.00,0.00,3.00,0.17,1.00,0.00,0.00,1.60,65.06,0.00,1.50,16.00,9.28,3.00,35.28
00-01,0771,01,CHOKIO-ALBERTA,0 ,0,District Totals: ,75,STEVENS,04,1.00,0.50,0.00,0.50,0.00,0.00,0.00,0.00,0.00,0.00,0.00,0.20,0.00,0.00,0.00,0.00,0.30,23.22,0.66,0.60,6.00,2.60,0.74,12.62
00-01,0775,01,KERKHOVEN-MURDOCK-SUNBURG,0 ,0,District Totals: ,76,SWIFT,06W,3.00,1.00,0.00,2.00,0.00,0.00,0.00,1.00,0.00,0.00,0.00,0.00,1.00,0.00,0.00,0.00,1.50,46.08,0.33,1.00,16.00,7.05,0.17,21.53
00-01,0777,01,BENSON,0 ,0,District Totals: ,76,SWIFT,06W,4.20,1.00,0.00,3.00,0.00,0.00,0.20,0.00,0.00,0.00,0.00,1.00,1.00,1.00,1.00,0.00,1.33,75.87,1.70,2.00,25.00,8.33,3.40,35.44
00-01,0786,01,BERTHA-HEWITT,0 ,0,District Totals: ,77,TODD,05,1.50,0.50,0.00,1.00,0.00,0.00,0.00,0.00,0.00,0.00,0.00,0.66,0.00,0.00,0.00,0.00,1.00,38.93,0.00,2.00,11.00,4.39,1.51,20.03
00-01,0787,01,BROWERVILLE,0 ,0,District Totals: ,77,TODD,05,1.50,0.50,0.00,1.00,0.00,0.00,0.00,0.00,0.00,0.00,0.00,0.00,0.00,0.00,0.00,0.67,1.00,35.24,0.00,2.00,10.00,4.00,2.98,16.26
00-01,0801,01,BROWNS VALLEY,0 ,0,District Totals: ,78,TRAVERSE,04,1.00,0.50,0.00,0.50,0.00,0.00,0.00,0.00,0.00,0.00,0.00,0.66,0.17,0.00,0.00,0.00,0.83,14.36,0.50,1.00,4.34,1.67,0.00,6.85
00-01,0803,01,WHEATON AREA SCHOOL,0 ,0,District Totals: ,78,TRAVERSE,04,3.00,1.00,0.00,1.00,0.00,1.00,0.00,0.00,0.00,0.00,0.00,0.00,0.40,0.00,0.00,0.00,0.77,36.36,0.00,1.00,12.23,4.18,0.40,18.55
00-01,0806,01,ELGIN-MILLVILLE,0 ,0,District Totals: ,79,WABASHA,10,2.57,1.00,0.00,1.57,0.00,0.00,0.00,0.00,0.00,0.00,0.00,1.00,0.00,0.00,0.00,0.25,1.00,38.96,0.00,1.00,12.00,5.73,0.33,19.90
00-01,0810,01,PLAINVIEW,0 ,0,District Totals: ,79,WABASHA,10,3.00,1.00,0.00,2.00,0.00,0.00,0.00,0.00,0.00,0.00,0.00,1.00,2.00,1.00,0.00,1.00,2.00,77.94,1.50,2.00,26.00,10.00,1.79,36.65
00-01,0811,01,WABASHA-KELLOGG,0 ,0,District Totals: ,79,WABASHA,10,3.00,1.00,0.00,2.00,0.00,0.00,0.00,0.50,0.00,0.00,0.00,1.00,1.00,0.00,0.00,0.00,1.28,47.86,0.50,1.20,12.00,7.50,1.84,24.82
00-01,0813,01,LAKE CITY,0 ,0,District Totals: ,79,WABASHA,10,3.00,1.00,0.00,2.00,0.00,0.00,0.00,0.00,0.00,0.00,0.00,3.00,2.00,1.00,0.00,0.00,2.00,101.81,1.67,3.00,32.00,12.37,2.87,49.90
00-01,0818,01,VERNDALE,0 ,0,District Totals: ,80,WADENA,05,2.00,1.00,0.00,1.00,0.00,0.00,0.00,0.00,0.00,0.00,0.00,0.50,0.00,0.00,0.00,1.50,1.00,36.29,0.80,1.00,10.99,4.21,1.40,17.89
00-01,0820,01,SEBEKA,0 ,0,District Totals: ,80,WADENA,05,2.00,1.00,0.00,1.00,0.00,0.00,0.00,0.00,0.00,0.00,0.00,1.00,0.97,0.00,0.00,0.00,1.00,44.07,1.00,2.00,13.00,5.33,1.13,21.61
00-01,0821,01,MENAHGA,0 ,0,District Totals: ,80,WADENA,05,3.00,1.00,0.00,2.00,0.00,0.00,0.00,0.00,0.00,0.00,0.00,1.00,0.00,0.00,0.00,0.00,1.00,52.86,0.57,3.50,18.00,7.01,1.18,22.60
00-01,0829,01,WASECA,0 ,0,District Totals: ,81,WASECA,09,9.00,1.00,0.00,5.00,0.00,2.00,1.00,0.00,0.00,0.00,0.00,3.37,3.00,1.00,0.00,1.50,3.07,143.66,1.71,7.00,38.00,28.14,2.14,66.67
00-01,0831,01,FOREST LAKE,0 ,0,District Totals: ,82,WASHINGTON,11,18.00,1.00,0.00,11.00,3.00,2.00,1.00,0.00,0.00,0.00,0.00,10.00,10.00,1.00,7.00,5.00,11.17,448.79,6.85,14.50,156.64,58.87,5.65,206.28
00-01,0832,01,MAHTOMEDI,0 ,0,District Totals: ,82,WASHINGTON,11,11.00,1.00,1.00,4.00,2.00,2.00,1.00,0.00,0.00,0.00,0.00,3.50,3.00,1.00,5.00,1.00,5.00,174.24,3.50,6.00,61.27,18.43,1.65,83.39
00-01,0833,01,SOUTH WASHINGTON COUNTY,0 ,0,District Totals: ,82,WASHINGTON,11,41.00,1.00,1.00,19.50,15.00,3.50,1.00,5.43,0.00,0.00,0.00,20.33,18.83,5.83,12.80,4.50,16.70,882.94,14.80,32.61,305.00,112.49,10.07,407.97
00-01,0834,01,STILLWATER,0 ,0,District Totals: ,82,WASHINGTON,11,19.00,1.00,0.00,11.00,5.00,2.00,0.00,0.00,0.00,0.00,0.00,10.47,9.37,5.55,10.07,0.00,14.58,461.15,1.00,17.96,153.69,49.63,7.40,231.47
00-01,0836,01,BUTTERFIELD,0 ,0,District Totals: ,83,WATONWAN,09,1.40,0.40,0.00,1.00,0.00,0.00,0.00,0.00,0.00,0.00,0.00,0.00,0.00,0.07,0.00,0.00,0.00,21.83,0.67,0.33,6.00,0.83,0.40,13.60
00-01,0837,01,MADELIA,0 ,0,District Totals: ,83,WATONWAN,09,3.67,1.00,0.00,2.00,0.00,0.67,0.00,0.00,0.00,0.00,0.00,1.00,1.83,1.00,0.00,0.00,1.00,49.92,0.63,2.00,12.00,6.00,2.11,27.18
00-01,0840,01,ST. JAMES,0 ,0,District Totals: ,83,WATONWAN,09,6.17,1.00,0.00,3.00,0.00,1.00,1.17,0.00,0.00,0.00,0.00,2.00,2.99,1.00,0.00,2.01,2.00,83.96,0.50,3.00,27.09,10.52,2.21,40.64
00-01,0846,01,BRECKENRIDGE,0 ,0,District Totals: ,84,WILKIN,04,3.20,0.70,0.00,2.00,0.00,0.50,0.00,0.00,0.00,0.00,0.00,1.00,1.50,0.00,0.00,1.00,1.00,65.55,0.50,2.00,20.00,8.06,0.92,34.07
00-01,0850,01,ROTHSAY,0 ,0,District Totals: ,84,WILKIN,04,2.00,1.00,0.00,0.00,0.00,0.00,1.00,0.00,0.00,0.00,0.00,0.00,0.83,0.00,0.00,0.00,0.00,19.83,0.10,0.60,6.00,2.00,0.50,10.63
00-01,0852,01,CAMPBELL-TINTAH,0 ,0,District Totals: ,84,WILKIN,04,1.30,0.30,0.00,1.00,0.00,0.00,0.00,0.00,0.00,0.00,0.00,0.00,0.00,0.00,0.00,0.00,0.00,20.01,0.00,1.00,6.00,2.03,0.20,10.78
00-01,0857,01,LEWISTON,0 ,0,District Totals: ,85,WINONA,10,3.00,1.00,0.00,2.00,0.00,0.00,0.00,0.00,0.00,0.00,0.00,2.00,1.00,0.50,0.00,0.00,1.50,52.39,0.50,3.00,16.00,6.12,0.34,26.43
00-01,0858,01,ST. CHARLES,0 ,0,District Totals: ,85,WINONA,10,2.93,1.00,0.00,1.93,0.00,0.00,0.00,0.00,0.00,0.00,0.00,1.00,1.00,1.00,0.00,0.00,1.00,66.19,0.80,2.00,25.00,7.37,1.00,30.02
00-01,0861,01,WINONA,0 ,0,District Totals: ,85,WINONA,10,8.60,1.00,0.00,6.60,1.00,0.00,0.00,1.50,0.00,0.00,0.00,8.00,2.00,3.00,0.00,0.00,5.54,277.05,5.30,13.50,71.38,60.38,2.00,124.49
00-01,0870,52,SOUTHERN MINNESOTA SP SER COOP,0 ,0,District Totals: ,22,FARIBAULT,09,1.00,0.00,0.00,0.00,0.00,1.00,0.00,0.00,0.00,0.00,0.00,0.00,0.00,0.00,1.00,1.00,0.00,0.00,0.00,0.00,0.00,0.00,0.00,0.00
00-01,0876,01,ANNANDALE,0 ,0,District Totals: ,86,WRIGHT,07W,5.67,1.00,0.00,3.00,0.00,1.00,0.67,0.00,0.00,0.00,0.00,2.00,1.50,1.00,0.00,2.60,4.00,118.57,2.66,3.50,40.00,16.33,0.00,56.08
00-01,0877,01,BUFFALO,0 ,0,District Totals: ,86,WRIGHT,07W,13.00,1.00,1.00,6.00,3.00,2.00,0.00,0.00,0.00,0.00,0.00,6.00,6.00,2.00,2.60,4.80,8.60,294.49,0.00,10.00,99.00,37.10,2.00,146.39
00-01,0879,01,DELANO,0 ,0,District Totals: ,86,WRIGHT,07W,5.50,1.00,0.00,3.00,1.50,0.00,0.00,0.00,0.00,0.00,0.00,2.50,3.00,1.00,0.00,1.00,2.00,106.80,0.00,3.00,36.41,12.60,0.66,54.13
00-01,0881,01,MAPLE LAKE,0 ,0,District Totals: ,86,WRIGHT,07W,3.00,1.00,0.00,2.00,0.00,0.00,0.00,0.00,0.00,0.00,0.00,0.33,1.00,1.00,0.00,1.00,1.00,55.39,1.59,1.50,18.50,6.37,0.80,26.63
00-01,0882,01,MONTICELLO,0 ,0,District Totals: ,86,WRIGHT,07W,10.00,1.00,0.00,6.00,1.00,2.00,0.00,0.00,0.00,0.00,0.00,4.00,4.50,1.00,7.00,5.50,9.00,240.30,1.00,6.50,73.67,50.00,3.00,106.13
00-01,0883,01,ROCKFORD,0 ,0,District Totals: ,86,WRIGHT,07W,5.50,1.00,0.00,3.00,1.50,0.00,0.00,0.00,0.00,0.00,0.00,2.00,2.00,1.00,0.00,1.00,3.00,104.55,1.00,3.50,36.00,14.90,1.00,48.15
00-01,0885,01,ST. MICHAEL-ALBERTVILLE,0 ,0,District Totals: ,86,WRIGHT,07W,10.00,1.00,0.00,6.00,1.00,1.00,1.00,1.00,0.00,0.00,0.00,3.00,4.00,1.00,0.00,3.63,4.00,170.05,3.55,6.00,57.63,19.01,0.00,83.86
00-01,0891,01,CANBY,0 ,0,District Totals: ,87,YELLOW MEDICINE,06W,3.00,1.00,0.00,2.00,0.00,0.00,0.00,0.00,0.00,0.00,0.00,1.00,2.00,0.83,0.00,1.00,1.01,51.26,0.73,1.88,15.76,7.13,1.32,24.44
00-01,0901,52,NORTHERN LAKES SPECIAL ED. COOP,0 ,0,District Totals: ,31,ITASCA,03,0.17,0.00,0.00,0.00,0.00,0.17,0.00,0.00,0.00,0.00,0.00,0.00,0.00,0.00,0.00,0.00,0.00,1.00,0.00,0.00,0.00,1.00,0.00,0.00
00-01,0911,01,CAMBRIDGE-ISANTI,0 ,0,District Totals: ,30,ISANTI,07E,12.00,1.00,0.00,5.00,3.00,2.00,1.00,1.00,0.00,0.00,0.00,5.00,5.00,1.20,6.00,3.50,4.50,281.83,4.10,8.00,90.90,37.57,5.67,135.59
00-01,0912,01,MILACA,0 ,0,District Totals: ,48,MILLE LACS,07E,5.00,1.00,0.00,2.00,2.00,0.00,0.00,0.00,0.00,0.00,0.00,1.00,2.00,2.00,0.00,3.00,3.00,122.47,0.85,3.00,38.02,14.10,3.60,62.90
00-01,0914,01,ULEN-HITTERDAL,0 ,0,District Totals: ,14,CLAY,04,2.00,1.00,0.00,0.00,0.00,0.00,1.00,0.00,0.00,0.00,0.00,0.00,1.00,0.00,0.00,0.00,1.00,27.49,0.00,2.00,7.00,3.80,0.67,14.02
00-01,0915,52,SOUTHERN PLAINS ED. COOP.,0 ,0,District Totals: ,46,MARTIN,09,1.00,0.00,0.00,0.00,0.00,1.00,0.00,0.00,0.00,0.00,0.00,0.00,0.00,0.73,1.57,0.00,6.80,36.49,0.00,0.00,0.00,26.65,0.00,9.84
00-01,0916,06,N.E. METRO INTERMEDIATE DIST. 916,0 ,0,District Totals: ,82,WASHINGTON,11,6.00,1.00,1.00,0.00,0.00,4.00,0.00,1.00,0.00,5.80,0.00,1.00,0.00,3.70,2.00,6.00,6.10,133.98,0.00,0.00,0.00,97.58,28.80,7.60
00-01,0917,06,INTERMEDIATE SCHOOL DISTRICT 917,0 ,0,District Totals: ,19,DAKOTA,11,6.00,1.00,0.00,0.00,0.00,4.00,1.00,1.80,0.00,4.40,0.00,0.00,0.00,0.00,3.00,5.00,4.60,132.69,0.00,0.00,0.00,92.75,27.27,12.67
00-01,0919,51,NORTH COUNTRY VOC COOP CTR,0 ,0,District Totals: ,04,BELTRAMI,02,0.00,0.00,0.00,0.00,0.00,0.00,0.00,0.00,0.00,0.20,0.00,0.00,0.00,0.00,0.00,0.00,0.00,0.00,0.00,0.00,0.00,0.00,0.00,0.00
00-01,0922,83,REGION 9-SOUTH CENTRAL SERVICE COOP,0 ,0,District Totals: ,07,BLUE EARTH,09,0.00,0.00,0.00,0.00,0.00,0.00,0.00,0.00,0.00,0.00,0.00,0.00,0.00,0.00,0.00,0.00,0.00,2.03,0.00,0.00,0.00,2.03,0.00,0.00
00-01,0924,83,REGION 5-NORTH CENTRAL SERVICE CO,0 ,0,District Totals: ,77,TODD,05,1.50,1.00,0.00,0.00,0.00,0.50,0.00,0.00,0.00,0.00,0.00,0.00,0.00,0.00,0.00,0.00,0.00,5.26,0.00,0.00,0.00,5.26,0.00,0.00
00-01,0926,83,REGION 4-LAKES COUNTRY SERVICE COOP,0 ,0,District Totals: ,56,OTTER TAIL,04,2.00,1.00,0.00,0.00,0.00,1.00,0.00,1.00,0.00,1.00,0.00,0.00,0.00,0.00,0.00,0.00,4.00,32.49,13.11,0.00,0.00,7.22,2.00,10.16
00-01,0927,83,REGION 3 - NORTHEAST SERVICE COOP,0 ,0,District Totals: ,69,ST. LOUIS,03,0.00,0.00,0.00,0.00,0.00,0.00,0.00,0.00,0.00,0.00,0.00,0.00,0.00,0.00,0.00,0.00,0.00,4.77,0.00,0.00,0.00,4.77,0.00,0.00
00-01,0930,53,CARVER-SCOTT EDUCATIONAL COOP.,0 ,0,District Totals: ,10,CARVER,11,3.00,1.00,0.00,0.00,0.00,2.00,0.00,0.00,0.00,0.00,0.00,1.00,0.00,0.00,7.00,3.00,2.00,102.07,6.17,0.00,0.50,32.80,28.00,34.60
00-01,0935,52,FERGUS FALLS AREA SP ED COOP,0 ,0,District Totals: ,56,OTTER TAIL,04,2.00,0.00,0.00,0.00,0.00,1.00,1.00,0.80,0.00,0.00,0.00,0.00,0.00,0.00,5.20,0.00,11.30,12.92,0.00,0.00,0.00,12.92,0.00,0.00
00-01,0937,52,CROW RIVER SP ED COOP,0 ,0,District Totals: ,43,MCLEOD,06E,1.00,0.00,0.00,0.00,0.00,1.00,0.00,1.00,0.00,0.00,0.00,0.00,0.00,0.00,3.00,2.00,8.00,21.96,0.00,0.00,0.00,21.96,0.00,0.00
00-01,0938,52,MEEKER & WRIGHT SP ED COOP,0 ,0,District Totals: ,86,WRIGHT,06E,1.00,0.00,0.00,0.00,0.00,1.00,0.00,1.00,0.00,0.00,0.00,0.00,0.00,0.00,4.00,2.50,2.70,21.08,0.00,0.00,0.00,21.08,0.00,0.00
00-01,0957,51,OAK LAND VOC CNTR,0 ,0,District Totals: ,30,ISANTI,07E,3.00,0.00,0.00,1.00,1.00,1.00,0.00,0.00,0.00,0.00,0.00,0.00,0.00,0.00,0.00,0.00,0.00,14.60,0.00,0.00,0.40,0.80,2.60,10.80
00-01,0964,51,COTTONWOOD RIVER COOP CNTR,0 ,0,District Totals: ,08,BROWN,09,0.17,0.00,0.00,0.00,0.00,0.17,0.00,0.00,0.00,0.00,0.00,0.00,0.00,0.00,0.00,0.00,0.00,4.53,0.00,0.00,0.00,0.00,3.53,1.00
00-01,0966,51,WRIGHT TECH CNTR,0 ,0,District Totals: ,86,WRIGHT,07W,3.01,0.60,0.00,0.34,0.00,2.07,0.00,0.00,0.00,0.00,0.00,0.00,0.00,0.00,0.00,0.00,0.00,25.01,0.00,0.00,0.00,0.00,17.27,7.74
00-01,0978,52,MINNESOTA VALLEY COOP,0 ,0,District Totals: ,87,YELLOW MEDICINE,06W,1.00,0.00,0.00,0.00,0.00,1.00,0.00,0.00,0.00,0.00,0.00,0.00,0.00,0.00,1.00,2.00,3.00,13.00,0.00,0.00,0.00,13.00,0.00,0.00
00-01,0985,51,PINE TO PRAIRIE COOP CTR,0 ,0,District Totals: ,63,RED LAKE,01,1.00,0.00,0.00,0.00,0.00,1.00,0.00,0.00,0.00,0.80,0.00,0.00,0.00,0.00,0.00,0.00,0.00,0.40,0.00,0.00,0.00,0.00,0.40,0.00
00-01,0991,83,REGN 6 & 8-S.W/W.C. SRV COOPERATIVE,0 ,0,District Totals: ,42,LYON,08,5.00,1.00,0.00,0.00,0.00,4.00,0.00,1.80,0.00,0.00,0.00,0.10,1.00,0.00,14.23,2.00,4.00,20.11,0.00,0.00,0.00,16.67,0.00,3.44
00-01,0993,52,MINNESOTA RIVER VALLEY SP ED COOP,0 ,0,District Totals: ,70,SCOTT,11,1.00,0.00,0.00,0.00,0.00,1.00,0.00,1.00,0.00,0.00,0.00,0.00,0.00,0.00,7.00,9.00,10.20,54.01,0.00,0.00,0.00,53.41,0.60,0.00
00-01,0997,52,AREA SPECIAL EDUCATION COOP,0 ,0,District Totals: ,63,RED LAKE,01,2.00,0.00,0.00,0.00,0.00,2.00,0.00,0.00,0.00,0.00,0.00,0.00,0.00,0.00,4.54,1.00,1.00,8.01,0.00,0.00,0.00,8.01,0.00,0.00
00-01,0998,52,BEMIDJI REGIONAL INTERDIST. COUNC,0 ,0,District Totals: ,04,BELTRAMI,02,1.00,0.00,0.00,0.00,0.00,1.00,0.00,1.00,0.00,0.00,0.00,0.00,0.00,0.00,3.93,0.00,10.63,28.16,0.00,0.00,0.00,28.16,0.00,0.00
00-01,2071,01,LAKE CRYSTAL-WELLCOME MEMORIAL,0 ,0,District Totals: ,07,BLUE EARTH,09,4.00,1.00,0.00,3.00,0.00,0.00,0.00,0.00,0.00,0.00,0.00,1.00,1.00,1.00,0.00,0.00,1.67,69.99,0.00,1.80,20.00,10.98,1.00,36.21
00-01,2125,01,TRITON,0 ,0,District Totals: ,20,DODGE,10,5.00,1.00,0.00,3.00,0.00,1.00,0.00,0.00,0.00,0.00,0.00,2.00,2.00,1.33,0.00,0.99,2.00,81.62,1.33,5.00,25.00,11.17,1.99,37.13
00-01,2134,01,UNITED SOUTH CENTRAL,0 ,0,District Totals: ,22,FARIBAULT,09,3.20,0.00,0.00,2.70,0.00,0.50,0.00,0.00,0.00,0.00,0.00,2.00,1.00,0.00,0.00,1.00,1.46,76.92,0.37,3.00,18.22,13.35,1.25,40.73
00-01,2135,01,MAPLE RIVER,0 ,0,District Totals: ,07,BLUE EARTH,09,5.00,1.00,0.00,4.00,0.00,0.00,0.00,0.00,0.00,0.00,0.00,3.50,3.04,1.00,0.00,0.00,1.67,92.99,2.11,6.00,24.91,10.32,2.36,47.29
00-01,2137,01,KINGSLAND,0 ,0,District Totals: ,23,FILLMORE,10,4.00,1.00,0.00,3.00,0.00,0.00,0.00,0.00,0.00,0.00,0.00,1.00,1.50,0.50,0.00,1.00,1.00,74.87,1.37,2.00,21.15,11.63,2.34,36.38
00-01,2142,01,ST. LOUIS COUNTY,0 ,0,District Totals: ,69,ST. LOUIS,03,9.67,1.00,1.00,7.00,0.00,0.00,0.67,1.00,0.00,0.00,0.00,6.66,7.00,1.00,0.00,0.00,3.00,210.03,7.90,5.50,59.50,26.68,1.00,109.45
00-01,2143,01,WATERVILLE-ELYSIAN-MORRISTOWN,0 ,0,District Totals: ,40,LESUEUR,09,5.00,1.00,0.00,3.00,0.00,1.00,0.00,0.00,0.00,0.00,0.00,3.00,1.76,1.00,0.00,0.00,2.60,70.72,1.46,4.00,22.00,11.52,1.33,30.41
00-01,2144,01,CHISAGO LAKES,0 ,0,District Totals: ,13,CHISAGO,07E,9.07,1.00,0.00,5.00,1.67,1.40,0.00,1.00,0.00,0.00,0.00,4.50,5.00,2.10,2.70,0.00,4.40,191.99,3.06,5.00,60.83,26.97,6.01,90.12
00-01,2149,01,MINNEWASKA,0 ,0,District Totals: ,61,POPE,04,4.50,1.00,0.00,3.00,0.00,0.50,0.00,0.00,0.00,0.00,0.00,2.00,1.00,1.00,0.00,2.80,2.50,110.31,0.00,2.60,32.49,14.00,3.96,57.26
00-01,2154,01,EVELETH-GILBERT,0 ,0,District Totals: ,69,ST. LOUIS,03,4.60,1.00,0.00,3.50,0.00,0.10,0.00,0.00,0.00,0.00,0.00,2.00,3.00,0.00,1.00,0.00,2.00,91.35,1.17,3.30,28.50,8.00,2.67,47.71
00-01,2155,01,WADENA-DEER CREEK,0 ,0,District Totals: ,80,WADENA,05,4.50,1.00,0.00,2.00,1.00,0.50,0.00,0.00,0.00,0.00,0.00,1.00,2.00,1.00,2.00,2.80,2.00,101.88,2.01,2.50,29.00,19.17,2.83,46.37
00-01,2159,01,BUFFALO LAKE-HECTOR,0 ,0,District Totals: ,65,RENVILLE,06E,2.00,1.00,0.00,1.00,0.00,0.00,0.00,0.00,0.00,0.00,0.00,1.00,0.17,0.00,0.00,0.00,1.00,46.63,0.17,1.00,16.05,3.87,1.68,23.86
00-01,2164,01,DILWORTH-GLYNDON-FELTON,0 ,0,District Totals: ,14,CLAY,04,6.03,1.00,0.00,3.53,0.00,1.50,0.00,0.47,0.00,0.00,0.00,1.00,2.00,0.00,0.80,1.00,3.00,90.35,1.80,3.00,29.00,13.50,0.00,43.05
00-01,2165,01,HINCKLEY-FINLAYSON,0 ,0,District Totals: ,58,PINE,07E,4.20,1.00,0.00,2.27,0.00,0.93,0.00,0.73,0.00,0.00,0.00,2.00,1.83,1.00,1.13,0.00,1.10,79.73,0.50,2.50,27.00,8.97,0.80,39.96
00-01,2167,01,LAKEVIEW,0 ,0,District Totals: ,42,LYON,08,3.50,1.00,0.00,2.17,0.00,0.33,0.00,0.00,0.00,0.00,0.00,0.00,0.83,0.00,0.00,1.00,0.00,40.19,0.74,1.00,13.14,2.85,0.60,21.86
00-01,2168,01,N.R.H.E.G.,0 ,0,District Totals: ,81,WASECA,09,5.00,1.00,0.00,4.00,0.00,0.00,0.00,0.00,0.00,0.00,0.00,1.00,2.00,1.00,0.00,1.00,1.80,72.10,0.34,4.00,23.00,10.00,1.20,33.56
00-01,2169,01,MURRAY COUNTY CENTRAL,0 ,0,District Totals: ,51,MURRAY,08,3.00,1.00,0.00,2.00,0.00,0.00,0.00,0.00,0.00,0.00,0.00,0.00,1.00,0.13,0.60,0.00,1.00,53.44,0.00,3.00,18.50,5.16,1.82,24.96
00-01,2170,01,STAPLES-MOTLEY,0 ,0,District Totals: ,77,TODD,05,4.17,1.00,0.00,3.17,0.00,0.00,0.00,0.00,0.00,0.00,0.00,1.70,1.50,0.00,0.00,2.00,3.20,114.02,1.07,5.00,31.66,18.95,5.68,51.66
00-01,2171,01,KITTSON CENTRAL,0 ,0,District Totals: ,35,KITTSON,01,2.33,1.00,0.00,1.00,0.00,0.00,0.33,0.50,0.00,0.00,0.00,0.50,1.50,0.00,0.00,0.00,1.00,37.28,0.00,1.20,13.04,2.77,0.00,20.27
00-01,2172,01,KENYON-WANAMINGO,0 ,0,District Totals: ,25,GOODHUE,10,4.00,1.00,0.00,2.00,0.00,1.00,0.00,1.50,0.00,0.00,0.00,1.50,1.00,0.00,0.00,1.00,0.00,60.15,0.00,2.00,19.50,4.90,1.00,32.75
00-01,2174,01,PINE RIVER-BACKUS,0 ,0,District Totals: ,11,CASS,05,4.00,0.50,0.00,2.50,0.00,0.50,0.50,0.00,0.00,0.00,0.00,2.67,1.00,0.00,0.00,0.00,1.70,95.63,1.60,2.00,26.99,13.33,0.00,51.71
00-01,2176,01,WARREN-ALVARADO-OSLO,0 ,0,District Totals: ,45,MARSHALL,01,3.00,1.00,0.00,2.00,0.00,0.00,0.00,0.00,0.00,0.00,0.00,0.83,1.00,0.00,0.00,0.00,1.34,50.90,0.67,1.00,12.00,10.27,0.80,26.16
00-01,2180,01,M.A.C.C.R.A.Y.,0 ,0,District Totals: ,12,CHIPPEWA,06W,2.50,1.00,0.00,1.00,0.00,0.50,0.00,0.00,0.00,0.00,0.00,1.00,1.00,0.83,0.00,2.00,2.10,68.77,0.00,2.00,19.00,11.46,0.85,35.46
00-01,2184,01,LUVERNE,0 ,0,District Totals: ,67,ROCK,08,4.33,1.00,0.00,3.00,0.00,0.33,0.00,0.00,0.00,0.00,0.00,2.00,2.00,1.00,1.00,0.00,2.00,96.02,3.06,5.00,27.50,8.57,1.20,50.69
00-01,2190,01,YELLOW MEDICINE EAST,0 ,0,District Totals: ,87,YELLOW MEDICINE,06W,5.00,1.00,0.00,3.00,0.00,1.00,0.00,0.00,0.00,0.00,0.00,1.00,1.00,0.00,0.00,1.00,0.00,80.66,0.00,2.00,25.50,1.57,1.02,50.57
00-01,2198,01,FILLMORE CENTRAL,0 ,0,District Totals: ,23,FILLMORE,10,3.33,1.00,0.00,2.00,0.00,0.33,0.00,0.00,0.00,0.00,0.00,0.47,0.99,0.00,0.00,0.00,2.00,61.23,0.00,1.50,17.00,6.66,1.65,34.42
00-01,2215,01,NORMAN COUNTY EAST,0 ,0,District Totals: ,54,NORMAN,01,3.00,1.00,0.00,1.93,0.00,0.07,0.00,0.00,0.00,0.00,0.00,0.00,0.00,0.00,0.00,0.00,1.00,38.81,0.87,2.00,11.00,4.28,3.49,17.17
00-01,2310,01,SIBLEY EAST,0 ,0,District Totals: ,72,SIBLEY,09,5.00,1.00,0.00,3.00,1.00,0.00,0.00,0.00,0.00,0.00,0.00,2.00,2.00,0.00,0.00,1.00,1.99,83.64,0.67,5.00,26.00,10.15,3.60,38.22
00-01,2311,01,CLEARBROOK-GONVICK,0 ,0,District Totals: ,15,CLEARWATER,02,3.00,1.00,0.00,2.00,0.00,0.00,0.00,0.00,0.00,0.00,0.00,0.00,1.00,0.00,0.00,0.00,0.00,44.55,1.00,1.00,12.00,4.00,0.17,26.38
00-01,2342,01,WEST CENTRAL AREA,0 ,0,District Totals: ,26,GRANT,04,3.00,1.00,0.00,1.83,0.00,0.17,0.00,0.00,0.00,0.00,0.00,2.00,2.00,0.00,0.00,0.00,1.23,62.16,0.74,2.00,20.50,6.00,1.35,31.57
00-01,2358,01,TRI-COUNTY,0 ,0,District Totals: ,35,KITTSON,01,2.00,1.00,0.00,1.00,0.00,0.00,0.00,0.00,0.00,0.00,0.00,0.40,1.00,0.00,0.00,0.00,0.00,30.91,0.00,1.00,7.00,4.00,0.17,18.74
00-01,2364,01,BELGRADE-BROOTEN-ELROSA,0 ,0,District Totals: ,73,STEARNS,07W,2.67,1.00,0.00,1.00,0.00,0.67,0.00,0.00,0.00,0.00,0.00,1.00,1.00,0.00,0.00,1.00,1.50,58.57,0.33,2.00,18.67,5.19,2.21,30.17
00-01,2365,01,G.F.W.,0 ,0,District Totals: ,72,SIBLEY,09,4.20,1.00,0.00,2.70,0.50,0.00,0.00,0.00,0.00,0.00,0.00,0.73,1.00,0.00,0.00,2.00,2.00,66.79,1.00,2.00,16.02,8.12,2.20,37.45
00-01,2396,01,A.C.G.C.,0 ,0,District Totals: ,47,MEEKER,06E,4.00,1.00,0.00,2.00,0.00,1.00,0.00,0.00,0.00,0.00,0.00,1.00,1.40,1.00,0.00,1.00,3.00,74.91,1.26,1.60,20.00,11.85,1.40,38.80
00-01,2397,01,LESUEUR-HENDERSON,0 ,0,District Totals: ,40,LESUEUR,09,4.00,1.00,0.00,2.00,0.00,1.00,0.00,0.00,0.00,0.00,0.00,1.00,2.17,1.00,0.00,0.00,2.04,84.62,1.86,5.00,26.00,8.89,0.33,42.54
00-01,2448,01,MARTIN COUNTY WEST,0 ,0,District Totals: ,46,MARTIN,09,4.50,1.00,0.00,3.00,0.00,0.50,0.00,0.00,0.00,0.00,0.00,1.00,0.60,1.00,0.00,1.99,0.00,63.18,0.50,1.50,22.00,4.00,3.43,31.75
00-01,2527,01,NORMAN COUNTY WEST,0 ,0,District Totals: ,54,NORMAN,01,2.00,1.00,0.00,1.00,0.00,0.00,0.00,0.00,0.00,0.00,0.00,1.00,0.33,0.00,0.00,0.00,1.00,32.90,0.00,1.00,9.08,2.99,1.52,18.31
00-01,2534,01,BIRD ISLAND-OLIVIA-LAKE LILLIAN,0 ,0,District Totals: ,65,RENVILLE,06E,3.00,1.00,0.00,2.00,0.00,0.00,0.00,0.00,0.00,0.00,0.00,1.00,2.00,0.00,0.00,0.50,2.00,69.36,0.50,1.50,17.50,10.98,1.60,37.28
00-01,2536,01,GRANADA HUNTLEY-EAST CHAIN,0 ,0,District Totals: ,46,MARTIN,09,1.93,0.07,0.00,1.83,0.00,0.03,0.00,0.00,0.00,0.00,0.00,0.00,0.67,0.00,0.00,1.00,0.00,22.12,0.50,0.60,6.33,1.90,0.00,12.79
00-01,2580,01,EAST CENTRAL,0 ,0,District Totals: ,58,PINE,07E,5.06,1.00,0.00,3.00,0.00,1.06,0.00,0.00,0.00,0.00,0.00,2.00,2.00,1.00,1.00,1.00,0.87,86.15,2.27,4.00,18.32,22.45,2.15,36.96
00-01,2609,01,WIN-E-MAC,0 ,0,District Totals: ,60,POLK,01,2.33,1.00,0.00,1.00,0.00,0.33,0.00,0.00,0.00,0.00,0.00,0.00,0.17,0.00,0.00,0.00,0.70,33.71,0.34,1.00,11.06,3.23,0.17,17.91
00-01,2683,01,GREENBUSH-MIDDLE RIVER,0 ,0,District Totals: ,68,ROSEAU,01,3.00,1.00,0.00,1.00,0.00,0.00,1.00,0.00,0.00,0.00,0.00,0.00,0.00,0.00,0.00,0.00,0.00,38.77,0.00,1.00,12.69,3.97,1.99,19.12
00-01,2687,01,HOWARD LAKE-WAVERLY-WINSTED,0 ,0,District Totals: ,86,WRIGHT,07W,4.67,1.00,0.00,1.67,1.00,1.00,0.00,0.00,0.00,0.00,0.00,1.00,1.00,0.00,0.00,0.00,1.67,65.02,1.00,2.00,21.50,11.67,2.00,26.85
00-01,2689,01,PIPESTONE-JASPER,0 ,0,District Totals: ,59,PIPESTONE,08,4.83,1.00,0.00,2.00,1.00,0.33,0.50,0.00,0.00,0.00,0.00,1.00,2.00,1.00,0.00,2.00,2.00,98.25,2.00,4.17,30.88,11.90,1.31,47.99
00-01,2711,01,MESABI EAST,0 ,0,District Totals: ,69,ST. LOUIS,03,1.33,0.00,0.00,1.00,0.00,0.33,0.00,0.00,0.00,0.00,0.00,0.60,2.00,1.01,0.00,0.00,0.00,71.72,1.50,2.00,22.50,10.32,1.33,34.07
00-01,2752,01,FAIRMONT AREA SCHOOLS,0 ,0,District Totals: ,46,MARTIN,09,6.83,1.00,0.00,4.83,1.00,0.00,0.00,0.00,0.00,0.00,0.00,2.00,3.00,1.99,0.00,1.00,0.00,103.94,1.37,2.00,36.31,1.00,1.88,61.38
00-01,2753,01,LONG PRAIRIE-GREY EAGLE,0 ,0,District Totals: ,77,TODD,05,5.00,1.00,0.00,2.23,0.00,1.77,0.00,0.00,0.00,0.00,0.00,1.40,1.00,1.00,0.00,1.00,2.40,90.38,0.00,2.00,27.00,8.46,4.45,48.47
00-01,2754,01,CEDAR MOUNTAIN,0 ,0,District Totals: ,64,REDWOOD,08,3.00,1.00,0.00,1.00,0.00,0.00,1.00,0.00,0.00,0.00,0.00,0.00,0.50,0.00,0.00,0.80,0.40,32.53,0.00,1.00,8.50,4.13,0.00,18.90
00-01,2758,01,REDWOOD FALLS,0 ,0,District Totals: ,64,REDWOOD,08,4.00,1.00,0.00,3.00,0.00,0.00,0.00,0.00,0.00,0.00,0.00,2.00,2.00,0.00,1.00,2.00,2.23,103.08,1.95,2.50,27.46,15.70,0.33,55.14
00-01,2759,01,EAGLE VALLEY,0 ,0,District Totals: ,77,TODD,05,2.00,0.83,0.00,1.17,0.00,0.00,0.00,0.00,0.00,0.00,0.00,0.00,0.33,0.00,0.00,0.33,0.97,31.69,0.00,0.60,9.00,3.98,1.87,16.24
00-01,2805,01,ZUMBROTA-MAZEPPA,0 ,0,District Totals: ,79,WABASHA,10,2.95,0.80,0.00,2.15,0.00,0.00,0.00,0.00,0.00,0.00,0.00,2.00,3.00,0.00,0.00,1.00,1.99,70.56,0.00,2.50,24.00,11.17,2.78,30.11
00-01,2835,01,JANESVILLE-WALDORF-PEMBERTON,0 ,0,District Totals: ,81,WASECA,09,2.67,1.00,0.00,1.00,0.00,0.67,0.00,0.00,0.00,0.00,0.00,1.00,0.00,0.00,0.00,0.00,1.84,45.18,1.10,2.00,9.50,8.07,0.00,24.51
00-01,2853,01,LAC QUI PARLE VALLEY,0 ,0,District Totals: ,37,LAC QUI PARLE,06W,5.00,1.00,0.00,3.00,0.00,1.00,0.00,0.00,0.00,0.00,0.00,2.00,1.00,1.00,0.60,1.00,2.00,79.48,1.00,3.80,25.90,9.69,1.54,37.55
00-01,2854,01,ADA-BORUP,0 ,0,District Totals: ,54,NORMAN,01,2.00,0.50,0.00,1.50,0.00,0.00,0.00,0.00,0.00,0.00,0.00,1.00,0.00,0.00,0.00,0.00,0.00,45.42,1.00,1.50,13.00,6.35,3.20,20.37
00-01,2856,01,STEPHEN-ARGYLE CENTRAL SCHOOLS,0 ,0,District Totals: ,45,MARSHALL,01,3.50,1.00,0.00,2.00,0.00,0.50,0.00,0.00,0.00,0.00,0.00,0.50,0.50,0.40,0.00,0.00,0.33,35.03,1.00,1.00,12.82,2.00,0.00,18.21
00-01,2859,01,GLENCOE-SILVER LAKE,0 ,0,District Totals: ,43,MCLEOD,06E,6.20,1.00,0.00,4.00,0.00,1.00,0.20,0.00,0.00,0.00,0.00,3.00,1.00,1.00,0.00,0.00,1.00,116.94,1.96,5.50,34.16,10.99,2.92,61.41
00-01,2860,01,BLUE EARTH AREA PUBLIC SCHOOL,0 ,0,District Totals: ,22,FARIBAULT,09,3.17,1.00,0.00,2.00,0.17,0.00,0.00,0.00,0.00,0.00,0.00,2.00,1.77,1.00,1.00,3.50,1.00,92.35,2.66,2.50,29.50,10.70,2.33,44.66
00-01,2884,01,RED ROCK CENTRAL,0 ,0,District Totals: ,64,REDWOOD,08,1.60,0.00,0.00,1.60,0.00,0.00,0.00,0.00,0.00,0.00,0.00,1.00,0.67,0.00,0.00,0.00,1.67,39.75,0.50,1.00,11.00,2.30,0.00,24.95
00-01,2886,01,GLENVILLE-EMMONS,0 ,0,District Totals: ,24,FREEBORN,10,4.00,1.00,0.00,2.93,0.00,0.07,0.00,0.00,0.00,0.00,0.00,1.00,1.00,0.00,0.00,1.00,0.66,39.49,0.26,1.60,13.00,3.00,0.67,20.96
00-01,2887,01,MCLEOD WEST SCHOOLS,0 ,0,District Totals: ,43,MCLEOD,06E,3.00,1.00,0.00,2.00,0.00,0.00,0.00,0.00,0.00,0.00,0.00,1.00,0.67,0.00,0.00,0.00,0.50,38.64,0.50,1.20,12.00,2.04,0.17,22.73
00-01,2888,01,CLINTON-GRACEVILLE-BEARDSLEY,0 ,0,District Totals: ,06,BIG STONE,06W,3.00,1.00,0.00,2.00,0.00,0.00,0.00,0.00,0.00,0.00,0.00,0.40,1.00,0.00,0.00,0.00,1.00,42.08,2.00,2.27,14.14,3.34,0.00,20.33
00-01,2889,01,LAKE PARK AUDUBON DISTRICT,0 ,0,District Totals: ,03,BECKER,04,3.00,1.00,0.00,2.00,0.00,0.00,0.00,0.00,0.00,0.00,0.00,1.00,1.83,0.00,0.00,1.00,1.00,48.67,0.83,1.50,14.00,4.99,1.51,25.84
00-01,2890,01,RENVILLE COUNTY WEST,0 ,0,District Totals: ,65,RENVILLE,06E,3.00,1.00,0.00,2.00,0.00,0.00,0.00,0.00,0.00,0.00,0.00,0.00,0.00,1.00,2.00,0.00,2.00,70.52,0.50,1.50,17.23,7.18,1.01,43.10
00-01,2895,01,JACKSON COUNTY CENTRAL,0 ,0,District Totals: ,32,JACKSON,08,5.27,1.00,0.00,3.00,0.00,0.27,1.00,0.00,0.00,0.00,0.00,2.00,3.00,1.00,0.00,1.00,2.00,95.20,1.93,2.50,27.55,14.97,1.60,46.65
00-01,4000,07,CITY ACADEMY,0 ,0,District Totals: ,62,RAMSEY,11,0.00,0.00,0.00,0.00,0.00,0.00,0.00,0.00,0.00,0.00,0.00,0.00,0.00,0.00,0.00,0.00,0.00,13.00,0.00,0.00,0.00,0.00,0.00,13.00
00-01,4001,07,BLUFFVIEW MONTESSORI,0 ,0,District Totals: ,85,WINONA,10,0.00,0.00,0.00,0.00,0.00,0.00,0.00,0.00,0.00,0.00,0.00,0.00,0.27,0.50,0.00,0.00,0.00,11.05,0.00,0.50,8.34,1.07,0.00,1.14
00-01,4003,07,NEW HEIGHTS CHARTER SCHOOL,0 ,0,District Totals: ,82,WASHINGTON,11,1.00,0.00,0.00,1.00,0.00,0.00,0.00,0.00,0.00,0.00,0.00,0.17,0.00,0.00,0.00,0.00,0.13,11.34,0.00,0.33,2.66,2.00,0.00,6.35
00-01,4004,07,CEDAR RIVERSIDE COMMUNITY SCHOOL,0 ,0,District Totals: ,27,HENNEPIN,11,1.00,0.00,0.00,1.00,0.00,0.00,0.00,0.00,0.00,0.00,0.00,0.00,0.00,0.00,0.00,0.00,0.00,8.34,0.00,1.00,4.60,0.44,0.00,2.30
00-01,4005,07,METRO DEAF CHARTER SCHOOL,0 ,0,District Totals: ,62,RAMSEY,11,0.00,0.00,0.00,0.00,0.00,0.00,0.00,0.00,0.00,0.00,0.00,0.00,0.00,0.00,0.00,0.00,1.00,16.10,0.00,0.00,0.00,14.80,0.00,1.30
00-01,4006,07,SKILLS FOR TOMORROW CHARTER SCHOOL,0 ,0,District Totals: ,62,RAMSEY,11,0.00,0.00,0.00,0.00,0.00,0.00,0.00,0.00,0.00,0.00,0.00,0.00,0.00,0.00,0.00,0.00,0.00,4.80,0.00,0.00,0.00,0.60,0.00,4.20
00-01,4007,07,MINNESOTA NEW COUNTRY SCHOOL,0 ,0,District Totals: ,72,SIBLEY,09,0.00,0.00,0.00,0.00,0.00,0.00,0.00,0.00,0.00,0.00,0.00,0.00,0.00,0.00,0.00,0.00,0.00,7.00,0.00,0.00,0.00,1.00,0.00,6.00
00-01,4008,07,PACT CHARTER SCHOOL,0 ,0,District Totals: ,02,ANOKA,11,0.00,0.00,0.00,0.00,0.00,0.00,0.00,0.00,0.00,0.00,0.00,0.00,0.00,0.00,0.83,0.00,0.83,19.53,0.00,0.67,5.42,2.81,0.00,10.63
00-01,4011,07,NEW VISIONS CHARTER SCHOOL,0 ,0,District Totals: ,27,HENNEPIN,11,3.33,1.00,0.00,0.00,0.00,2.00,0.33,0.00,0.00,0.00,0.00,0.00,0.00,0.00,0.00,0.00,0.00,25.58,0.00,1.00,13.93,8.57,0.00,2.08
00-01,4012,07,EMILY CHARTER SCHOOL,0 ,0,District Totals: ,18,CROW WING,05,0.00,0.00,0.00,0.00,0.00,0.00,0.00,0.00,0.00,0.00,0.00,0.00,0.00,0.00,0.00,0.00,0.00,7.54,0.33,0.67,3.97,1.00,0.00,1.57
00-01,4015,07,COMMUNITY OF PEACE ACADEMY,0 ,0,District Totals: ,62,RAMSEY,11,1.00,0.00,0.00,0.00,1.00,0.00,0.00,0.00,0.00,0.00,0.00,0.00,0.00,0.50,0.00,1.00,1.00,29.90,0.00,3.00,14.92,2.55,0.00,9.43
00-01,4016,07,WORLD LEARNER CHARTER SCHOOL,0 ,0,District Totals: ,10,CARVER,11,0.00,0.00,0.00,0.00,0.00,0.00,0.00,0.00,0.00,0.00,0.00,0.00,0.00,0.00,0.00,0.00,1.00,2.99,0.00,0.00,2.99,0.00,0.00,0.00
00-01,4017,07,MINNESOTA TRANSITIONS CHARTER SCH,0 ,0,District Totals: ,27,HENNEPIN,11,1.00,0.00,0.00,1.00,0.00,0.00,0.00,0.00,0.00,0.00,0.00,0.00,0.00,0.00,0.00,0.00,0.00,12.00,0.00,1.00,3.00,2.00,0.00,6.00
00-01,4018,07,ACORN DUAL LANGUAGE COMM. ACADEMY,0 ,0,District Totals: ,62,RAMSEY,11,1.00,0.00,0.00,0.00,0.00,1.00,0.00,0.00,0.00,0.00,0.00,0.00,0.00,0.50,0.00,0.50,0.00,20.01,0.00,3.00,10.69,0.32,0.00,6.00
00-01,4019,07,ST. PAUL FAMILY LEARNING CENTER,0 ,0,District Totals: ,62,RAMSEY,11,0.00,0.00,0.00,0.00,0.00,0.00,0.00,0.00,0.00,0.00,0.00,0.00,0.00,0.17,0.40,0.10,0.00,6.16,0.00,0.50,3.99,1.17,0.00,0.50
00-01,4020,07,EDISON CHARTER SCHOOL,0 ,0,District Totals: ,69,ST. LOUIS,03,1.00,0.00,0.00,0.00,0.00,1.00,0.00,0.00,0.00,0.00,0.00,0.00,0.00,0.00,0.00,1.00,1.00,56.29,0.00,5.00,24.66,4.72,0.00,21.91
00-01,4021,07,VILLAGE SCHOOL OF NORTHFIELD,0 ,0,District Totals: ,66,RICE,10,0.00,0.00,0.00,0.00,0.00,0.00,0.00,0.00,0.00,0.00,0.00,0.00,0.00,0.00,0.00,0.00,0.00,5.53,0.00,0.00,1.54,0.83,0.00,3.16
00-01,4025,07,CYBER VILLAGE ACADEMY,0 ,0,District Totals: ,62,RAMSEY,11,0.00,0.00,0.00,0.00,0.00,0.00,0.00,0.00,0.00,0.00,0.00,0.00,0.00,0.00,0.00,0.00,0.00,7.62,0.00,0.00,0.00,1.00,0.00,6.62
00-01,4026,07,E.C.H.O. CHARTER SCHOOL,0 ,0,District Totals: ,87,YELLOW MEDICINE,06W,0.00,0.00,0.00,0.00,0.00,0.00,0.00,0.00,0.00,0.00,0.00,0.00,0.00,0.00,0.00,0.00,0.00,5.97,0.00,0.50,2.46,0.00,0.00,3.01
00-01,4028,07,ECI' NOMPA WOONSPE,0 ,0,District Totals: ,65,RENVILLE,08,0.00,0.00,0.00,0.00,0.00,0.00,0.00,0.00,0.00,0.00,0.00,0.00,0.00,0.00,0.00,0.00,0.00,2.80,0.00,0.00,1.00,1.00,0.00,0.80
00-01,4029,07,NEW SPIRIT SCHOOL,0 ,0,District Totals: ,62,RAMSEY,11,2.00,0.00,0.00,2.00,0.00,0.00,0.00,0.00,0.00,0.00,0.00,0.00,1.00,0.00,0.00,0.00,0.00,27.40,0.00,3.00,15.00,2.00,0.00,7.40
00-01,4030,07,ODYSSEY CHARTER SCHOOL,0 ,0,District Totals: ,27,HENNEPIN,11,1.00,1.00,0.00,0.00,0.00,0.00,0.00,0.00,0.00,0.00,0.00,0.00,0.00,0.00,0.00,0.00,0.00,14.21,0.00,0.60,7.02,2.58,0.00,4.01
00-01,4031,07,MINNESOTA TECHNOLOGY CHARTER SCHOOL,0 ,0,District Totals: ,62,RAMSEY,11,0.00,0.00,0.00,0.00,0.00,0.00,0.00,0.00,0.00,0.00,0.00,0.00,0.00,0.07,0.10,0.10,0.00,3.16,0.00,0.00,0.00,1.36,0.00,1.80
00-01,4032,07,HARVEST PREP SCHOOL/SEED ACADEMY,0 ,0,District Totals: ,27,HENNEPIN,11,1.00,0.00,0.00,1.00,0.00,0.00,0.00,0.00,0.00,0.00,0.00,1.00,0.00,0.40,0.00,0.00,0.00,23.00,0.00,3.00,14.00,2.00,0.00,4.00
00-01,4033,07,PEAKS CHARTER SCHOOL-PILLAGER,0 ,0,District Totals: ,11,CASS,05,0.00,0.00,0.00,0.00,0.00,0.00,0.00,0.00,0.00,0.00,0.00,0.00,0.00,0.00,0.00,0.00,0.00,2.00,0.00,0.00,0.00,0.80,0.20,1.00
00-01,4034,07,LEARNING ADVENTURES CHARTER SCHOOL,0 ,0,District Totals: ,62,RAMSEY,11,0.00,0.00,0.00,0.00,0.00,0.00,0.00,0.00,0.00,0.00,0.00,0.00,0.00,0.00,0.00,0.40,0.00,3.84,0.00,0.00,0.00,1.00,0.00,2.84
00-01,4035,07,CONCORDIA CREATIVE LEARNING ACADEMY,0 ,0,District Totals: ,62,RAMSEY,11,0.00,0.00,0.00,0.00,0.00,0.00,0.00,0.00,0.00,0.00,0.00,0.00,0.00,0.10,0.27,0.23,0.00,6.73,1.00,1.00,3.43,1.00,0.00,0.30
00-01,4036,07,FACE TO FACE ACADEMY,0 ,0,District Totals: ,62,RAMSEY,11,0.00,0.00,0.00,0.00,0.00,0.00,0.00,0.00,0.00,0.00,0.00,0.00,0.00,0.00,0.00,0.67,0.00,5.20,0.00,0.00,0.00,1.20,0.00,4.00
00-01,4037,07,SKILLS FOR TOMORROW JUNIOR HIGH,0 ,0,District Totals: ,62,RAMSEY,11,1.00,0.00,0.00,1.00,0.00,0.00,0.00,0.00,0.00,0.00,0.00,0.00,0.00,0.00,0.00,0.00,0.00,4.80,0.00,0.00,0.00,1.20,0.00,3.60
00-01,4038,07,SOJOURNER TRUTH ACADEMY,0 ,0,District Totals: ,27,HENNEPIN,11,0.50,0.00,0.00,0.50,0.00,0.00,0.00,0.00,0.00,0.00,0.00,0.00,0.00,0.00,0.00,0.00,0.00,19.00,0.00,1.00,16.00,1.50,0.00,0.50
00-01,4039,07,HIGH SCHOOL FOR RECORDING ARTS,0 ,0,District Totals: ,62,RAMSEY,11,0.00,0.00,0.00,0.00,0.00,0.00,0.00,0.00,0.00,0.00,0.00,0.00,0.00,0.00,0.00,1.00,0.00,3.00,0.00,0.00,0.00,1.00,0.00,2.00
00-01,4040,07,MARTIN HUGHES CHARTER SCHOOL,0 ,0,District Totals: ,69,ST. LOUIS,03,1.00,0.00,0.00,0.00,0.00,1.00,0.00,0.00,0.00,0.00,0.00,0.00,0.00,0.00,0.00,0.00,0.00,14.00,0.00,0.00,0.00,13.00,0.00,1.00
00-01,4041,07,OPPORTUNITIES FOR LEARNING,0 ,0,District Totals: ,62,RAMSEY,11,0.53,0.00,0.00,0.00,0.00,0.53,0.00,0.00,0.00,0.00,0.00,0.00,0.00,0.00,0.00,0.00,0.00,3.47,0.00,0.00,0.00,0.47,0.00,3.00
00-01,4042,07,TWIN CITIES ACADEMY,0 ,0,District Totals: ,62,RAMSEY,11,1.00,0.00,0.00,1.00,0.00,0.00,0.00,0.00,0.00,0.00,0.00,0.00,0.40,0.00,0.00,0.00,0.00,11.10,0.00,0.00,2.00,1.00,0.00,8.10
00-01,4043,07,MATH & SCIENCE ACADEMY,0 ,0,District Totals: ,82,WASHINGTON,11,0.00,0.00,0.00,0.00,0.00,0.00,0.00,0.00,0.00,0.00,0.00,0.00,0.00,0.00,0.00,0.00,0.00,13.30,0.00,0.00,1.02,0.97,0.00,11.31
00-01,4044,07,HEART OF THE EARTH CHARTER,0 ,0,District Totals: ,27,HENNEPIN,11,0.00,0.00,0.00,0.00,0.00,0.00,0.00,0.00,0.00,0.00,0.00,0.00,0.87,0.00,0.00,0.00,0.00,23.21,0.00,2.00,8.20,2.40,0.00,10.61
00-01,4045,07,PEAKS-ALEXANDRIA,0 ,0,District Totals: ,21,DOUGLAS,04,0.00,0.00,0.00,0.00,0.00,0.00,0.00,0.00,0.00,0.00,0.00,0.00,0.00,0.00,0.00,0.00,0.00,3.00,0.00,0.00,0.00,1.60,0.00,1.40
00-01,4046,07,PEAKS-DULUTH,0 ,0,District Totals: ,69,ST. LOUIS,03,0.00,0.00,0.00,0.00,0.00,0.00,0.00,0.00,0.00,0.00,0.00,0.00,0.00,0.00,0.00,0.00,0.00,3.60,0.00,0.00,0.00,1.00,0.00,2.60
00-01,4047,07,PEAKS-FARIBAULT,0 ,0,District Totals: ,66,RICE,10,0.33,0.00,0.00,0.00,0.00,0.33,0.00,0.00,0.00,0.00,0.00,0.00,0.00,0.00,0.00,0.00,0.00,3.00,0.00,0.00,0.00,1.00,0.00,2.00
00-01,4048,07,PEAKS-ST.CLOUD,0 ,0,District Totals: ,73,STEARNS,07W,0.00,0.00,0.00,0.00,0.00,0.00,0.00,0.00,0.00,0.00,0.00,0.00,0.00,0.00,0.00,0.00,0.00,3.00,0.00,0.00,0.00,0.60,0.40,2.00
00-01,4049,07,COON RAPIDS LEARNING CENTER,0 ,0,District Totals: ,02,ANOKA,11,0.00,0.00,0.00,0.00,0.00,0.00,0.00,0.00,0.00,0.00,0.00,0.00,0.00,0.00,0.00,0.00,0.00,4.71,0.00,0.00,0.00,0.47,0.94,3.30
00-01,4050,07,LAFAYETTE PUBLIC CHARTER SCHOOL,0 ,0,District Totals: ,52,NICOLLET,09,0.00,0.00,0.00,0.00,0.00,0.00,0.00,0.00,0.00,0.00,0.00,0.00,0.00,0.00,0.00,0.00,0.00,4.08,0.00,0.67,3.21,0.20,0.00,0.00
00-01,4051,07,HANSKA CHARTER SCHOOL,0 ,0,District Totals: ,08,BROWN,09,0.00,0.00,0.00,0.00,0.00,0.00,0.00,0.00,0.00,0.00,0.00,0.00,0.00,0.00,0.00,0.00,0.00,3.49,0.00,0.50,2.99,0.00,0.00,0.00
00-01,4052,07,FOUR DIRECTIONS CHARTER SCHOOLS,0 ,0,District Totals: ,27,HENNEPIN,11,0.00,0.00,0.00,0.00,0.00,0.00,0.00,0.00,0.00,0.00,0.00,0.00,0.00,0.00,0.00,0.00,0.00,1.96,0.00,0.00,0.00,0.80,0.00,1.16
00-01,4053,07,NORTH LAKES ACADEMY CHARTER,0 ,0,District Totals: ,82,WASHINGTON,11,1.00,0.00,0.00,0.00,0.00,1.00,0.00,0.00,0.00,0.00,0.00,0.00,0.00,0.00,0.00,0.00,0.00,9.01,0.00,0.00,0.00,0.68,0.00,8.33
00-01,4054,07,LACRESCENT MONTESSORI ACADEMY,0 ,0,District Totals: ,28,HOUSTON,10,0.00,0.00,0.00,0.00,0.00,0.00,0.00,0.00,0.00,0.00,0.00,0.00,0.00,0.00,0.00,0.00,0.07,4.16,0.00,1.00,2.99,0.17,0.00,0.00
00-01,4055,07,NERSTRAND CHARTER SCHOOL,0 ,0,District Totals: ,66,RICE,10,0.60,0.00,0.00,0.60,0.00,0.00,0.00,0.00,0.00,0.00,0.00,0.00,0.00,0.00,0.00,0.00,0.00,8.77,0.00,1.00,4.97,1.20,0.00,1.60
00-01,4056,07,ROCHESTER OFF-CAMPUS CHARTER HIGH,0 ,0,District Totals: ,55,OLMSTED,10,0.00,0.00,0.00,0.00,0.00,0.00,0.00,0.00,0.00,0.00,0.00,0.33,0.00,0.00,0.00,0.00,0.00,6.60,0.00,0.00,0.00,1.00,0.00,5.60
00-01,4057,07,EL COLEGIO CHARTER SCHOOL,0 ,0,District Totals: ,27,HENNEPIN,11,0.00,0.00,0.00,0.00,0.00,0.00,0.00,0.00,0.00,0.00,0.00,0.00,0.00,0.00,0.00,0.00,0.00,4.00,0.00,0.00,0.00,1.00,0.00,3.00
00-01,4058,07,SCHOOLCRAFT LEARNING COMMUNITY CHTR,0 ,0,District Totals: ,04,BELTRAMI,02,0.00,0.00,0.00,0.00,0.00,0.00,0.00,0.00,0.00,0.00,0.00,0.00,0.00,0.00,0.00,0.00,0.00,9.88,0.00,0.00,4.00,0.83,0.00,5.05
00-01,4059,07,CROSSLAKE COMMUNITY CHARTER SCHOOL,0 ,0,District Totals: ,18,CROW WING,050,0.00,0.00,0.00,0.00,0.00,0.00,0.00,0.00,0.00,0.00,0.00,0.00,0.00,0.00,0.00,0.00,0.00,3.80,0.00,0.80,3.00,0.00,0.00,0.00
00-01,4060,07,MEXICA MULTICULTURAL ED CHARTER,0 ,0,District Totals: ,62,RAMSEY,11,0.83,0.00,0.00,0.83,0.00,0.00,0.00,0.00,0.00,0.00,0.00,0.00,0.00,0.00,0.00,0.00,0.00,1.40,0.00,0.00,0.00,0.00,0.00,1.40
00-01,4061,07,STUDIO ACADEMY CHARTER SCHOOL,0 ,0,District Totals: ,55,OLMSTED,10,0.00,0.00,0.00,0.00,0.00,0.00,0.00,0.00,0.00,0.00,0.00,0.00,0.00,0.00,0.00,0.00,0.00,8.28,0.00,0.00,0.00,1.00,0.00,7.28
00-01,4062,07,FAMILY ACADEMY CHARTER SCHOOL,0 ,0,District Totals: ,62,RAMSEY,11,0.00,0.00,0.00,0.00,0.00,0.00,0.00,0.00,0.00,0.00,0.00,0.00,0.00,0.00,0.00,0.00,0.00,9.53,0.00,0.00,7.41,0.00,0.00,2.12
00-01,4063,07,FORT SNELLING ACADEMY,0 ,0,District Totals: ,27,HENNEPIN,11,0.00,0.00,0.00,0.00,0.00,0.00,0.00,0.00,0.00,0.00,0.00,0.00,0.00,0.00,0.00,0.00,0.00,11.90,0.00,0.00,0.00,0.00,0.00,11.90
00-01,4064,07,RIVERWAY LEARNING COMMUNITY CHTR,0 ,0,District Totals: ,85,WINONA,10,0.00,0.00,0.00,0.00,0.00,0.00,0.00,0.00,0.00,0.00,0.00,0.00,0.00,0.00,0.00,0.00,0.00,6.04,0.50,0.50,1.98,1.06,0.00,2.00
00-01,4065,07,MINNESOTA BUSINESS ACADEMY CHARTER,0 ,0,District Totals: ,62,RAMSEY,11,1.00,0.00,0.00,1.00,0.00,0.00,0.00,0.00,0.00,0.00,0.00,1.00,0.00,0.00,0.00,0.00,0.00,15.74,0.00,0.00,0.00,1.00,0.00,14.74
00-01,4066,07,RIVERBEND ACADEMY CHARTER SCHOOL,0 ,0,District Totals: ,07,BLUE EARTH,09,0.00,0.00,0.00,0.00,0.00,0.00,0.00,0.00,0.00,0.00,0.00,0.00,0.00,0.17,0.00,0.00,0.00,11.00,0.00,0.00,0.00,1.48,0.00,9.52
00-01,4067,07,AURORA CHARTER SCHOOL,0 ,0,District Totals: ,27,HENNEPIN,11,0.00,0.00,0.00,0.00,0.00,0.00,0.00,0.00,0.00,0.00,0.00,0.00,0.00,0.00,0.00,0.00,0.00,2.00,0.00,1.00,1.00,0.00,0.00,0.00
00-01,4069,07,MN INSTITUTE OF TECHNOLOGY CHARTER,0 ,0,District Totals: ,62,RAMSEY,11,1.00,0.00,0.00,1.00,0.00,0.00,0.00,0.00,0.00,0.00,0.00,0.00,0.00,0.00,0.00,0.00,0.00,30.00,0.00,6.00,13.00,5.00,0.00,6.00
00-01,4070,07,HOPE ACADEMY CHARTER,0 ,0,District Totals: ,62,RAMSEY,11,1.00,0.00,0.00,0.00,1.00,0.00,0.00,0.00,0.00,0.00,0.00,0.00,0.00,0.00,0.00,1.00,0.00,32.00,0.00,7.00,18.00,1.00,0.00,6.00
00-01,4071,07,NATIVE ARTS CHARTER SCHOOL,0 ,0,District Totals: ,27,HENNEPIN,11,0.00,0.00,0.00,0.00,0.00,0.00,0.00,0.35,0.00,0.00,0.00,0.00,0.00,0.00,0.00,0.00,0.00,4.60,0.00,0.00,0.00,0.00,0.00,4.60
00-01,4072,07,YANKTON COUNTRY CHARTER SCHOOL,0 ,0,District Totals: ,42,LYON,08,0.00,0.00,0.00,0.00,0.00,0.00,0.00,0.00,0.00,0.00,0.00,0.00,0.00,0.00,0.00,0.00,0.00,2.88,0.00,0.00,0.00,0.48,0.00,2.40
00-01,6004,61,FRESHWATER ED. DIST.,0 ,0,District Totals: ,77,TODD,05,3.50,1.00,0.00,0.00,0.00,2.50,0.00,0.00,0.00,0.00,0.00,0.00,0.00,0.00,3.00,1.80,0.00,20.89,1.94,0.00,0.00,9.95,1.00,8.00
00-01,6012,61,ZUMBRO ED. DIST.,0 ,0,District Totals: ,55,OLMSTED,10,1.00,0.00,0.00,0.00,0.00,1.00,0.00,0.00,0.00,0.00,0.00,0.00,0.00,0.00,5.00,1.00,0.00,16.56,0.00,0.00,0.00,10.19,0.52,5.85
00-01,6013,61,HIAWATHA VALLEY ED. DIST.,0 ,0,District Totals: ,85,WINONA,10,2.00,0.00,0.00,0.00,0.00,2.00,0.00,0.00,0.00,0.00,0.00,0.00,0.00,0.00,15.27,1.00,0.00,24.40,1.00,0.00,0.00,18.80,0.00,4.60
00-01,6014,61,RUNESTONE AREA ED. DIST.,0 ,0,District Totals: ,21,DOUGLAS,04,1.00,0.00,0.00,0.00,0.00,1.00,0.00,0.00,0.00,0.00,0.00,0.33,0.00,0.00,0.67,0.83,3.00,17.09,0.00,0.00,0.00,10.23,1.13,5.73
00-01,6018,61,MINNESOTA RIVER VALLEY ED. DIST.,0 ,0,District Totals: ,12,CHIPPEWA,06W,0.00,0.00,0.00,0.00,0.00,0.00,0.00,0.00,0.00,0.00,0.00,0.00,0.00,0.00,0.00,0.00,0.00,7.54,0.00,0.00,0.00,0.00,1.56,5.98
00-01,6020,61,BORDER REGION ED. DIST.,0 ,0,District Totals: ,68,ROSEAU,01,0.00,0.00,0.00,0.00,0.00,0.00,0.00,0.00,0.00,0.00,0.00,0.00,0.00,0.00,0.00,2.00,0.00,0.00,0.00,0.00,0.00,0.00,0.00,0.00
00-01,6026,61,WEST CENTRAL ED. DIST.,0 ,0,District Totals: ,73,STEARNS,07W,1.00,0.00,0.00,0.00,0.00,1.00,0.00,1.00,0.00,0.00,0.00,0.00,0.00,0.00,2.00,4.00,1.00,8.03,0.00,0.00,0.00,7.03,0.00,1.00
00-01,6027,61,MINNESOTA VALLEY ED. DIST.,0 ,0,District Totals: ,52,NICOLLET,09,2.00,0.00,0.00,0.00,0.00,2.00,0.00,0.00,0.00,0.00,0.00,0.00,0.00,0.00,3.33,8.50,4.50,18.60,0.00,0.00,0.00,18.60,0.00,0.00
00-01,6042,61,ROOT RIVER ED. DIST.,0 ,0,District Totals: ,55,OLMSTED,10,1.00,0.00,0.00,0.00,0.00,1.00,0.00,0.00,0.00,0.00,0.00,0.00,0.00,0.00,3.00,4.50,1.00,4.69,0.00,0.00,0.00,4.69,0.00,0.00
00-01,6049,61,RIVER BEND ED. DIST.,0 ,0,District Totals: ,72,SIBLEY,09,1.00,0.00,0.00,0.00,0.00,1.00,0.00,0.00,0.00,0.00,0.00,0.00,0.00,0.00,3.50,0.00,0.00,19.89,0.00,0.00,0.00,10.05,0.99,8.85
00-01,6051,61,GOODHUE COUNTY ED. DIST.,0 ,0,District Totals: ,25,GOODHUE,10,1.00,0.00,0.00,0.00,0.00,1.00,0.00,0.00,0.00,0.00,0.00,0.00,0.00,0.00,2.00,5.00,1.00,15.96,0.83,0.00,0.00,14.23,0.00,0.90
00-01,6065,62,METROPOLITAN LEARNING ALLIANCE,0 ,0,District Totals: ,27,HENNEPIN,11,0.00,0.00,0.00,0.00,0.00,0.00,0.00,0.00,0.00,0.00,0.00,0.00,0.00,0.00,0.00,0.00,0.00,3.40,0.00,0.00,0.00,0.00,0.40,3.00
00-01,6067,62,EAST METRO INTEGRATION DST 6067,0 ,0,District Totals: ,62,RAMSEY,11,3.00,1.00,0.00,2.00,0.00,0.00,0.00,1.00,0.00,0.00,0.00,0.00,1.00,0.00,0.00,1.00,0.00,25.70,0.00,3.00,15.00,2.10,0.00,5.60
00-01,6069,62,WEST METRO EDUCATION DISTRICT,0 ,0,District Totals: ,27,HENNEPIN,11,1.00,0.00,0.00,1.00,0.00,0.00,0.00,1.00,0.00,0.00,0.00,1.00,2.00,1.00,0.67,1.20,1.30,43.51,0.00,2.00,21.00,4.00,0.00,16.51
00-01,6072,62,VALLEY CROSSING COMMUNITY SCHO,0 ,0,District Totals: ,82,WASHINGTON,11,1.00,0.00,0.00,1.00,0.00,0.00,0.00,0.00,0.00,0.00,0.00,0.00,1.00,0.00,0.80,1.00,0.63,53.54,0.00,4.50,36.24,5.30,0.00,7.50
00-01,6076,50,NORTHLAND EDUCATION COOPERATIVE,0 ,0,District Totals: ,69,ST. LOUIS,03,0.00,0.00,0.00,0.00,0.00,0.00,0.00,0.00,0.00,0.00,0.00,0.00,0.00,0.00,0.00,0.00,0.00,9.43,0.00,0.00,0.00,4.43,0.00,5.00
00-01,6383,61,BENTON-STEARNS ED. DIST.,0 ,0,District Totals: ,73,STEARNS,07W,2.00,0.00,0.00,0.00,0.00,2.00,0.00,1.00,0.00,0.00,0.00,0.00,0.00,0.00,6.50,1.00,1.00,14.27,0.00,0.00,0.00,14.27,0.00,0.00
00-01,9999,99,Statewide, , ,State Totals: , , , ,"2,604.51",317.79,49.50,"1,338.08",509.80,293.41,95.93,106.95,0.00,26.80,0.00,"1,033.18","1,036.22",444.35,551.52,806.78,"1,434.20","54,907.16",893.20,"1,963.61","16,673.37","8,325.18","1,079.74","25,972.06"
